cluster_center	other_electrode, euclidean_distance**
Fpz	Fp2,27.253944396972656	Fp1,31.346410751342773	AFz,42.14373779296875	AF4,47.708030700683594	AF8,53.468257904052734	AF3,54.53252029418945	AF7,62.28264236450195	Fz,66.18704223632812	F4,67.27577209472656	F2,70.31167602539062	F6,71.10592651367188	F1,72.30525970458984	F3,72.89533233642578	F5,75.18926239013672	F8,78.63954162597656	F7,82.35150146484375	FC4,97.0296630859375	FC6,97.8590316772461	FC2,98.94830322265625	FCz,99.56497955322266	FC3,100.8689193725586	FT8,101.63420867919922	FC1,101.72138214111328	FC5,102.2771224975586	FT7,104.67594909667969	C6,123.78411102294922	T8,123.89795684814453	C4,125.06205749511719	T7,126.76387786865234	C5,127.87206268310547	C2,127.90370178222656	Cz,129.01351928710938	C1,129.1691436767578	C3,129.7620849609375	TP8,147.46665954589844	CP6,148.03074645996094	TP7,148.25709533691406	CP5,149.63433837890625	CP4,150.04248046875	CP3,152.53326416015625	CP2,152.9679412841797	CP1,154.82521057128906	CPz,155.7265167236328	P8,162.65040588378906	P7,165.08189392089844	P6,165.38540649414062	P4,167.9585723876953	P5,167.96241760253906	P2,168.2157745361328	P1,168.9510040283203	Pz,169.9996795654297	P3,170.55181884765625	PO8,177.3673095703125	PO4,177.84117126464844	PO7,179.837158203125	PO3,180.6039276123047	POz,182.86489868164062	O1,185.38995361328125	O2,186.97442626953125	Oz,189.60374450683594	
AFz	Fz,25.688133239746094	F2,37.165775299072266	F1,39.06782150268555	Fpz,42.14373779296875	AF4,46.70558166503906	F4,47.701114654541016	AF3,49.88515090942383	Fp1,51.6973991394043	F3,51.89238739013672	Fp2,52.211692810058594	FCz,62.1655387878418	AF8,65.45909118652344	FC2,66.23238372802734	F6,66.63922119140625	F5,66.85070037841797	FC1,68.2049560546875	AF7,70.72576904296875	FC4,74.44248962402344	FC3,76.49299621582031	F8,84.03775024414062	F7,85.06471252441406	FC6,87.38618469238281	FC5,89.63652038574219	Cz,94.43965911865234	C2,96.49210357666016	C1,96.99905395507812	FT8,102.37467956542969	C4,102.46422576904297	FT7,103.2050552368164	C3,105.16612243652344	C6,111.66281127929688	C5,113.60404205322266	T8,121.96448516845703	T7,122.85128021240234	CP2,124.95957946777344	CPz,125.56306457519531	CP1,126.11222839355469	CP4,128.21475219726562	CP3,129.2096710205078	CP6,134.2364501953125	CP5,134.549560546875	TP8,142.38516235351562	TP7,142.46986389160156	P2,144.36538696289062	P1,144.5427703857422	Pz,144.8932647705078	P4,148.6735382080078	P3,150.2400665283203	P6,151.46734619140625	P5,153.3348388671875	P8,155.33111572265625	P7,156.26683044433594	PO4,162.49832153320312	POz,164.14935302734375	PO3,164.87232971191406	PO8,168.0470428466797	PO7,169.62538146972656	O1,174.66026306152344	O2,176.4084014892578	Oz,177.93252563476562	
Fz	F2,24.843788146972656	AFz,25.688133239746094	F1,27.67870330810547	FCz,37.04850387573242	FC2,45.818031311035156	F4,46.14262771606445	FC1,47.89097595214844	F3,49.33545684814453	AF4,58.455604553222656	AF3,59.980567932128906	FC4,62.59260177612305	FC3,64.405029296875	Fpz,66.18704223632812	F5,69.40935516357422	F6,69.9961166381836	Cz,70.03357696533203	Fp1,71.74270629882812	Fp2,72.61705017089844	C2,74.41189575195312	C1,75.01625061035156	AF8,78.1335678100586	AF7,82.12419128417969	FC6,82.43649291992188	FC5,84.46902465820312	C4,86.91950225830078	C3,89.14839935302734	F8,89.343017578125	F7,90.25235748291016	FT8,102.18284606933594	C6,102.36520385742188	CPz,102.76799011230469	FT7,103.06539154052734	CP2,103.61698913574219	C5,104.06776428222656	CP1,104.7405776977539	CP4,110.98097229003906	CP3,111.85911560058594	T8,117.98905181884766	T7,118.8802261352539	CP6,121.76029205322266	CP5,122.31718444824219	Pz,124.3824234008789	P2,124.62785339355469	P1,124.80289459228516	P4,131.66741943359375	P3,133.1612548828125	TP8,134.772216796875	TP7,135.47219848632812	P6,137.68170166015625	P5,139.82908630371094	P8,145.41436767578125	P7,146.1994171142578	POz,146.7800750732422	PO4,147.2163848876953	PO3,149.72694396972656	PO8,156.18914794921875	PO7,157.7174072265625	O1,161.89932250976562	O2,163.4256134033203	Oz,164.29092407226562	
FCz	FC2,28.29254150390625	FC1,32.41912078857422	Cz,33.37479782104492	Fz,37.04850387573242	F2,40.679481506347656	C2,43.35966873168945	F1,43.97728729248047	C1,46.170875549316406	FC4,56.74810791015625	FC3,60.14035415649414	F4,61.570899963378906	AFz,62.1655387878418	F3,64.26814270019531	CPz,67.67874145507812	C4,68.2243881225586	CP2,71.16065216064453	C3,71.61910247802734	CP1,73.3857650756836	FC6,82.1740493774414	AF4,83.26849365234375	F6,83.58320617675781	F5,84.12165832519531	AF3,84.42489624023438	FC5,85.71678924560547	CP4,85.73172760009766	CP3,88.22303771972656	C6,91.73616027832031	Pz,92.10352325439453	P2,93.52510070800781	P1,94.47698211669922	C5,95.01898956298828	Fpz,99.56497955322266	AF8,100.34333038330078	F8,101.31541442871094	Fp1,102.3222885131836	Fp2,102.68372344970703	CP6,103.4397964477539	F7,103.68385314941406	AF7,103.91266632080078	P4,104.82760620117188	FT8,104.95685577392578	CP5,106.21830749511719	P3,107.36653900146484	FT7,107.68279266357422	T8,113.29022979736328	P6,115.71549987792969	T7,115.91969299316406	POz,118.5897445678711	P5,119.590087890625	PO4,122.18605041503906	TP8,122.85978698730469	PO3,125.6522445678711	TP7,126.03531646728516	P8,129.00286865234375	P7,130.82798767089844	PO8,136.03224182128906	PO7,138.33644104003906	O1,140.52645874023438	Oz,141.1332550048828	O2,141.18804931640625	
Cz	C2,29.475107192993164	C1,33.0356559753418	FCz,33.37479782104492	CPz,35.56111526489258	FC2,44.20377731323242	CP2,45.131710052490234	FC1,45.66020584106445	CP1,47.555667877197266	Pz,62.672637939453125	C4,64.21040344238281	C3,65.91030883789062	P2,66.33392333984375	P1,67.5343246459961	FC4,68.95972442626953	CP4,69.12419891357422	F2,69.89936065673828	Fz,70.03357696533203	FC3,70.6556396484375	CP3,71.55107116699219	F1,71.5782699584961	P4,82.88817596435547	P3,85.37068176269531	F4,86.3765640258789	F3,86.90266418457031	C6,91.04875946044922	CP6,92.50553131103516	FC6,92.6757583618164	POz,92.84777069091797	C5,93.41259002685547	AFz,94.43965911865234	FC5,94.91422271728516	CP5,95.68367004394531	P6,98.7591552734375	PO4,100.671142578125	P5,102.99414825439453	F5,103.48006439208984	F6,103.84011840820312	PO3,104.1777572631836	AF3,109.68293762207031	AF4,109.9742202758789	FT8,114.15325164794922	T8,114.9028549194336	TP8,116.31401824951172	FT7,116.41692352294922	P8,116.95480346679688	T7,117.16460418701172	F8,118.04280853271484	P7,118.458740234375	PO8,119.07421875	F7,119.71728515625	Oz,119.94065856933594	TP7,120.12062072753906	O1,121.1002197265625	PO7,121.1924057006836	O2,121.25050354003906	AF8,124.02627563476562	AF7,125.84185028076172	Fpz,129.01351928710938	Fp1,129.8522491455078	Fp2,130.5904083251953	
CPz	Pz,29.060762405395508	CP2,29.73103141784668	CP1,32.58143615722656	Cz,35.56111526489258	P2,37.68242263793945	P1,40.088836669921875	C2,44.8868293762207	C1,47.49677276611328	CP4,59.590972900390625	P4,60.53083801269531	POz,61.989200592041016	CP3,62.524993896484375	P3,63.55245590209961	FCz,67.67874145507812	C4,71.77299499511719	FC2,72.34042358398438	C3,72.34159088134766	FC1,72.74990844726562	PO4,75.55562591552734	PO3,79.30636596679688	P6,80.65233612060547	CP6,83.85028076171875	P5,85.66852569580078	CP5,87.9250259399414	FC4,89.08451843261719	FC3,89.92720794677734	Oz,92.87945556640625	C6,94.59188842773438	O2,95.7199935913086	O1,96.45184326171875	C5,96.49378967285156	PO8,97.83396911621094	PO7,100.05694580078125	F2,100.53315734863281	F1,101.57677459716797	P8,102.36975860595703	Fz,102.76799011230469	P7,103.98284149169922	FC6,106.79187774658203	FC5,108.24759674072266	TP8,108.6030502319336	F3,112.29388427734375	F4,112.87256622314453	TP7,113.31995391845703	T8,116.45319366455078	T7,118.75603485107422	FT8,123.51924896240234	F5,124.35722351074219	F6,124.8618392944336	AFz,125.56306457519531	FT7,125.72618865966797	F8,134.1447296142578	AF3,134.7280731201172	F7,135.56503295898438	AF4,135.79544067382812	AF8,146.05662536621094	AF7,146.6097869873047	Fp1,155.07676696777344	Fpz,155.7265167236328	Fp2,155.91380310058594	
Pz	P2,23.125329971313477	P1,27.388078689575195	CPz,29.060762405395508	POz,33.57442092895508	CP2,40.21995544433594	CP1,42.17498016357422	P4,46.461524963378906	P3,50.310447692871094	PO4,53.799808502197266	PO3,57.84051513671875	CP4,60.60852813720703	Cz,62.672637939453125	CP3,63.88362503051758	Oz,66.0278091430664	C2,66.22489929199219	P6,66.35149383544922	C1,68.15960693359375	O2,70.33515167236328	P5,72.01077270507812	O1,72.01700592041016	PO8,77.05708312988281	CP6,78.6212158203125	PO7,79.5858154296875	C4,82.54313659667969	C3,82.80325317382812	CP5,83.29685974121094	P8,87.8577651977539	P7,89.78785705566406	FCz,92.10352325439453	FC2,93.78898620605469	FC1,93.94070434570312	C6,97.69712829589844	C5,99.38916778564453	TP8,99.79248809814453	FC4,104.53562927246094	TP7,105.01807403564453	FC3,105.0411605834961	T8,114.49786376953125	FC6,116.01046752929688	T7,116.86958312988281	FC5,116.99285888671875	F2,120.97273254394531	F1,121.6939468383789	Fz,124.3824234008789	FT8,126.97545623779297	F3,128.84336853027344	FT7,129.1541748046875	F4,129.9737091064453	F5,136.77212524414062	F6,137.18540954589844	F8,141.81536865234375	F7,143.0850830078125	AFz,144.8932647705078	AF3,149.30711364746094	AF4,150.78799438476562	AF7,157.1570587158203	AF8,157.47723388671875	Fp1,168.3625946044922	Fp2,169.21046447753906	Fpz,169.9996795654297	
POz	Pz,33.57442092895508	Oz,33.61543655395508	PO4,38.58894348144531	P2,39.87730407714844	PO3,40.188209533691406	P1,41.43965530395508	O2,41.600738525390625	O1,43.92567825317383	P4,48.22776794433594	P3,50.035037994384766	PO8,56.99129867553711	PO7,58.26280212402344	P6,59.97770690917969	CPz,61.989200592041016	P5,63.522613525390625	CP2,66.58982849121094	CP1,66.66818237304688	CP4,74.46160125732422	CP3,75.88407135009766	P8,75.98234558105469	P7,76.51380920410156	CP6,81.13593292236328	CP5,84.01144409179688	Cz,92.84777069091797	C2,93.35079956054688	TP8,93.79973602294922	C1,94.06381225585938	TP7,97.40047454833984	C3,99.16865539550781	C4,100.31883239746094	C5,105.77473449707031	C6,105.88045501708984	T8,114.69552612304688	T7,115.54058074951172	FC1,117.6420669555664	FC2,118.18441009521484	FCz,118.5897445678711	FC3,122.69369506835938	FC4,123.42279052734375	FC5,127.34808349609375	FC6,128.05589294433594	FT8,131.79339599609375	FT7,132.59646606445312	F2,142.6758270263672	F1,142.69190979003906	F3,146.03538513183594	Fz,146.7800750732422	F4,148.27882385253906	F5,149.2996826171875	F8,149.84580993652344	F7,149.92958068847656	F6,150.44361877441406	AF3,163.34645080566406	AFz,164.14935302734375	AF4,165.7594451904297	AF7,166.49330139160156	AF8,168.40731811523438	Fp1,180.11961364746094	Fp2,181.31695556640625	Fpz,182.86489868164062	
Oz	O2,20.26797866821289	O1,26.539525985717773	POz,33.61543655395508	PO4,43.62488555908203	PO8,45.268550872802734	PO3,45.311927795410156	PO7,48.52553176879883	P6,64.30610656738281	P4,64.4854507446289	Pz,66.0278091430664	P3,67.49810791015625	P2,67.54922485351562	P5,68.56613159179688	P8,69.13156127929688	P1,69.41944885253906	P7,71.7186508178711	CP6,88.30442810058594	TP8,89.81755065917969	CP5,92.4002914428711	CP4,92.60289001464844	CPz,92.87945556640625	CP2,93.7024917602539	TP7,94.36932373046875	CP1,94.50506591796875	CP3,95.37459564208984	T8,113.84468841552734	C6,113.96134185791016	C5,115.1768798828125	T7,115.92988586425781	C4,117.38859558105469	C3,117.73849487304688	C2,117.97227478027344	C1,119.12464141845703	Cz,119.94065856933594	FT8,133.59629821777344	FT7,135.3596954345703	FC6,137.1455841064453	FC5,137.23789978027344	FC2,138.71519470214844	FC1,138.7368927001953	FC4,138.9671630859375	FC3,139.08444213867188	FCz,141.1332550048828	F8,153.3174591064453	F7,154.11729431152344	F5,158.86122131347656	F6,158.94529724121094	F2,159.4801788330078	F1,159.6599578857422	F3,159.8335723876953	F4,161.6357421875	Fz,164.29092407226562	AF7,171.71630859375	AF3,173.05882263183594	AF8,173.64291381835938	AF4,175.06533813476562	AFz,177.93252563476562	Fp1,186.38406372070312	Fp2,187.1720428466797	Fpz,189.60374450683594	
Fp1	AF3,30.81997299194336	Fpz,31.346410751342773	AF7,33.10978317260742	F5,51.07680130004883	AFz,51.6973991394043	F3,55.97196578979492	F7,56.18061828613281	Fp2,57.41730499267578	F1,65.29692840576172	Fz,71.74270629882812	AF4,74.50577545166016	FC5,80.56280517578125	AF8,80.78665924072266	FT7,81.19863891601562	F2,84.26512908935547	FC3,85.02738952636719	F4,88.13168334960938	FC1,94.33663177490234	F6,95.11361694335938	F8,101.58606719970703	FCz,102.3222885131836	T7,105.92328643798828	C5,108.58495330810547	FC2,109.3602066040039	FC4,113.73292541503906	C3,115.0418701171875	FC6,117.51704406738281	FT8,120.82901763916016	C1,121.98342895507812	Cz,129.8522491455078	TP7,130.4208526611328	CP5,133.23483276367188	C2,135.1976318359375	C4,138.52072143554688	C6,139.46800231933594	T8,139.54150390625	CP3,139.56373596191406	CP1,147.62245178222656	P7,150.5337371826172	P5,154.6113739013672	CPz,155.07676696777344	CP2,158.0030975341797	TP8,159.06700134277344	CP6,159.29884338378906	CP4,159.61965942382812	P3,159.97630310058594	P1,162.27996826171875	Pz,168.3625946044922	PO7,168.77394104003906	P2,170.70404052734375	P8,170.80587768554688	PO3,171.1574249267578	P6,172.6588897705078	P4,173.53240966796875	O1,177.87762451171875	POz,180.11961364746094	PO4,181.2748565673828	PO8,181.59088134765625	Oz,186.38406372070312	O2,187.02774047851562	
AF3	F5,23.42644500732422	AF7,24.838184356689453	F3,26.830156326293945	Fp1,30.81997299194336	F7,40.297367095947266	F1,42.831207275390625	AFz,49.88515090942383	FC5,54.21745681762695	Fpz,54.53252029418945	FC3,56.18218994140625	Fz,59.980567932128906	FT7,63.03888702392578	FC1,69.08737182617188	Fp2,77.9660873413086	F2,78.83628845214844	C5,83.77269744873047	FCz,84.42489624023438	AF4,85.67550659179688	C3,87.45093536376953	T7,87.56025695800781	F4,90.2151870727539	AF8,96.37107849121094	C1,96.63687896728516	FC2,98.50080108642578	F6,102.99665832519531	Cz,109.68293762207031	CP5,110.07515716552734	FC4,110.25495147705078	TP7,112.51238250732422	F8,112.51945495605469	CP3,113.97711181640625	FC6,119.96240234375	C2,120.848876953125	CP1,123.35861206054688	FT8,127.56600952148438	C4,131.64532470703125	P7,132.48977661132812	P5,133.6792755126953	CPz,134.7280731201172	P3,137.53964233398438	C6,138.1689910888672	P1,140.25865173339844	CP2,142.5108184814453	T8,142.8150177001953	Pz,149.30711364746094	CP4,149.76370239257812	PO7,151.83006286621094	PO3,151.92124938964844	CP6,154.0654754638672	P2,154.9593505859375	TP8,158.22171020507812	P4,161.87322998046875	O1,162.63441467285156	POz,163.34645080566406	P6,164.6488800048828	P8,166.66574096679688	PO4,170.06423950195312	Oz,173.05882263183594	PO8,173.97145080566406	O2,176.23178100585938	
AF7	F7,24.642784118652344	AF3,24.838184356689453	F5,28.100116729736328	Fp1,33.10978317260742	F3,45.78160858154297	FT7,50.903751373291016	FC5,54.10849380493164	Fpz,62.28264236450195	F1,65.09339904785156	FC3,67.82703399658203	AFz,70.72576904296875	T7,77.03997039794922	C5,82.05670166015625	Fz,82.12419128417969	Fp2,85.58883666992188	FC1,86.52587127685547	C3,94.86361694335938	F2,98.19270324707031	AF4,98.31559753417969	TP7,103.44114685058594	FCz,103.91266632080078	AF8,104.14196014404297	F4,106.18955993652344	CP5,108.06095886230469	C1,110.34623718261719	F6,114.11257934570312	FC2,116.38892364501953	CP3,118.74230194091797	F8,118.89253234863281	FC4,125.08282470703125	Cz,125.84185028076172	P7,125.96267700195312	FC6,130.45603942871094	P5,131.3105010986328	FT8,132.87991333007812	CP1,132.93084716796875	C2,136.44691467285156	P3,139.7315673828125	C4,144.5148468017578	P1,146.30279541015625	CPz,146.6097869873047	T8,146.7263946533203	C6,146.80029296875	PO7,146.9534149169922	PO3,151.0435028076172	CP2,154.71017456054688	Pz,157.1570587158203	O1,159.20657348632812	CP4,160.09609985351562	CP6,160.90452575683594	TP8,160.93414306640625	P2,163.400634765625	POz,166.49330139160156	P8,168.4761962890625	P4,168.79910278320312	P6,169.40162658691406	Oz,171.71630859375	PO4,173.70477294921875	PO8,174.70314025878906	O2,175.6456756591797	
F1	F3,23.67706298828125	Fz,27.67870330810547	FC1,32.88875198364258	AFz,39.06782150268555	FC3,39.68224334716797	AF3,42.831207275390625	FCz,43.97728729248047	F5,46.078460693359375	F2,50.677024841308594	FC5,59.820274353027344	FC2,63.50586700439453	C1,63.734378814697266	AF7,65.09339904785156	Fp1,65.29692840576172	C3,68.88278198242188	F7,69.63326263427734	F4,70.56609344482422	Cz,71.5782699584961	Fpz,72.30525970458984	AF4,79.18241882324219	FT7,81.37437438964844	C5,81.80327606201172	FC4,83.47526550292969	C2,84.90326690673828	Fp2,86.40235137939453	F6,91.20993041992188	CP1,94.82548522949219	CP3,95.25972747802734	AF8,96.04143524169922	T7,98.18663787841797	CPz,101.57677459716797	FC6,101.8741226196289	C4,102.80818176269531	CP5,103.37673950195312	F8,106.93981170654297	CP2,109.60670471191406	P1,116.05094146728516	TP7,116.97991180419922	C6,117.8849105834961	FT8,118.10543060302734	P3,120.19300079345703	CP4,121.43817138671875	Pz,121.6939468383789	P5,124.46368408203125	P2,126.79497528076172	P7,130.37693786621094	T8,131.26315307617188	CP6,132.64231872558594	P4,136.9091796875	PO3,138.48484802246094	POz,142.69190979003906	P6,144.16395568847656	TP8,144.61314392089844	PO7,145.23974609375	PO4,149.67665100097656	P8,152.06878662109375	O1,152.94224548339844	PO8,159.02525329589844	Oz,159.6599578857422	O2,162.09437561035156	
F3	F5,23.14246368408203	F1,23.67706298828125	AF3,26.830156326293945	FC3,31.657909393310547	FC5,41.49627685546875	FC1,43.5895881652832	AF7,45.78160858154297	F7,48.198638916015625	Fz,49.33545684814453	AFz,51.89238739013672	Fp1,55.97196578979492	FT7,61.626155853271484	FCz,64.26814270019531	C3,64.28348541259766	C5,68.54335021972656	F2,70.90974426269531	C1,71.25988006591797	Fpz,72.89533233642578	T7,81.49847412109375	FC2,83.7347412109375	Cz,86.90266418457031	F4,87.66382598876953	AF4,91.31256103515625	Fp2,91.89078521728516	CP3,92.2167739868164	CP5,93.92510986328125	CP1,99.58967590332031	FC4,101.38188171386719	C2,102.31280517578125	TP7,103.65958404541016	F6,104.53797149658203	AF8,104.95246124267578	CPz,112.29388427734375	FC6,116.08946990966797	F8,116.6417465209961	P5,117.80365753173828	P3,118.06098175048828	P1,118.95533752441406	C4,119.19702911376953	P7,120.8032455444336	CP2,123.21192169189453	FT8,127.86882019042969	Pz,128.84336853027344	C6,130.85838317871094	CP4,134.97593688964844	PO3,135.48199462890625	P2,136.3629913330078	PO7,138.98880004882812	T8,140.1871337890625	CP6,143.6685791015625	POz,146.03538513183594	P4,146.5123291015625	O1,149.59982299804688	TP8,152.3424530029297	P6,152.60731506347656	PO4,156.05982971191406	P8,158.4558563232422	Oz,159.8335723876953	PO8,163.5451202392578	O2,164.19163513183594	
F5	F3,23.14246368408203	AF3,23.42644500732422	F7,25.828325271606445	AF7,28.100116729736328	FC5,31.32318687438965	FC3,40.3182373046875	FT7,42.94291687011719	F1,46.078460693359375	Fp1,51.07680130004883	C5,61.465065002441406	FC1,61.61227035522461	T7,66.63365173339844	AFz,66.85070037841797	C3,68.7762451171875	Fz,69.40935516357422	Fpz,75.18926239013672	FCz,84.12165832519531	C1,84.6310043334961	F2,88.5587387084961	CP5,88.75518798828125	TP7,91.91419219970703	CP3,94.83753967285156	Fp2,96.35270690917969	AF4,101.269775390625	FC2,101.52169036865234	F4,101.83048248291016	Cz,103.48006439208984	CP1,108.46797943115234	AF8,111.05375671386719	P7,112.58089447021484	P5,113.65514373779297	F6,114.44060516357422	FC4,115.87464141845703	C2,118.35865020751953	P3,118.94254302978516	F8,122.54513549804688	CPz,124.35722351074219	P1,124.37865447998047	FC6,126.40766906738281	C4,132.45425415039062	PO7,133.30796813964844	FT8,133.4473876953125	PO3,133.79600524902344	CP2,135.94334411621094	Pz,136.77212524414062	C6,139.985595703125	T8,144.86236572265625	P2,145.2646484375	O1,145.98947143554688	CP4,145.9954376220703	POz,149.2996826171875	CP6,151.32601928710938	P4,154.15234375	TP8,156.10162353515625	P6,158.24270629882812	Oz,158.86122131347656	PO4,160.4426727294922	P8,161.3462371826172	O2,164.3226318359375	PO8,165.25621032714844	
F7	AF7,24.642784118652344	F5,25.828325271606445	FT7,26.342899322509766	FC5,35.82891082763672	AF3,40.297367095947266	F3,48.198638916015625	T7,52.73137283325195	Fp1,56.18061828613281	FC3,58.105804443359375	C5,60.331634521484375	F1,69.63326263427734	C3,78.94477081298828	TP7,79.68167877197266	FC1,81.86483764648438	Fpz,82.35150146484375	AFz,85.06471252441406	CP5,85.82474517822266	Fz,90.25235748291016	C1,100.12911987304688	CP3,100.17194366455078	Fp2,102.56439971923828	P7,103.11956024169922	FCz,103.68385314941406	F2,105.96293640136719	P5,109.35282135009766	AF4,111.53041076660156	F4,115.34265899658203	AF8,116.63133239746094	FC2,117.99051666259766	CP1,118.3773422241211	Cz,119.71728515625	P3,119.96353912353516	F6,122.90711975097656	PO7,125.35432434082031	F8,126.20333862304688	FC4,128.32611083984375	P1,129.47463989257812	PO3,130.5712890625	C2,132.6843719482422	FC6,134.03302001953125	CPz,135.56503295898438	FT8,135.65525817871094	O1,139.28672790527344	C4,142.8782958984375	Pz,143.0850830078125	T8,145.35562133789062	C6,145.53924560546875	CP2,146.50088500976562	POz,149.92958068847656	P2,151.61141967773438	CP4,153.7654571533203	Oz,154.11729431152344	CP6,154.96324157714844	TP8,155.16590881347656	P4,158.28323364257812	P8,159.44142150878906	P6,159.69696044921875	O2,160.13710021972656	PO4,160.89610290527344	PO8,162.28713989257812	
FC1	FC3,29.38228416442871	C1,31.083890914916992	FCz,32.41912078857422	F1,32.88875198364258	F3,43.5895881652832	C3,44.04949188232422	Cz,45.66020584106445	Fz,47.89097595214844	FC5,57.66868591308594	FC2,58.70597457885742	F5,61.61227035522461	CP1,63.29356002807617	F2,63.30291748046875	C2,67.32347869873047	CP3,67.57916259765625	C5,67.7366943359375	AFz,68.2049560546875	AF3,69.08737182617188	CPz,72.74990844726562	F7,81.86483764648438	CP5,83.22941589355469	FT7,83.27118682861328	FC4,84.17318725585938	F4,84.30215454101562	AF7,86.52587127685547	CP2,86.68836975097656	P1,86.74317932128906	T7,91.7405776977539	P3,93.14136505126953	C4,93.63850402832031	Pz,93.94070434570312	Fp1,94.33663177490234	AF4,99.97918701171875	Fpz,101.72138214111328	P5,101.97914123535156	P2,102.34637451171875	TP7,104.34207916259766	F6,104.4008560180664	CP4,105.10882568359375	FC6,105.54273986816406	Fp2,112.19425201416016	P7,112.69038391113281	C6,113.46041107177734	PO3,114.15599060058594	AF8,115.6334228515625	P4,116.87726593017578	POz,117.6420669555664	F8,119.07012939453125	CP6,121.10067749023438	FT8,123.34708404541016	PO7,124.95529174804688	P6,128.20774841308594	PO4,129.79220581054688	T8,130.44326782226562	O1,132.08428955078125	TP8,137.4006805419922	Oz,138.7368927001953	P8,140.39962768554688	O2,143.0854949951172	PO8,143.12452697753906	
FC3	FC1,29.38228416442871	FC5,29.51031494140625	F3,31.657909393310547	C3,32.86976623535156	F1,39.68224334716797	F5,40.3182373046875	C5,44.86378860473633	C1,46.08991622924805	AF3,56.18218994140625	FT7,57.27138900756836	F7,58.105804443359375	FCz,60.14035415649414	CP3,61.69557189941406	Fz,64.405029296875	CP5,67.50409698486328	T7,67.73663330078125	AF7,67.82703399658203	Cz,70.6556396484375	CP1,71.45588684082031	AFz,76.49299621582031	F2,82.76861572265625	FC2,83.55327606201172	TP7,84.71778869628906	Fp1,85.02738952636719	P3,89.63199615478516	CPz,89.92720794677734	P1,91.41448974609375	P5,91.54619598388672	C2,92.01793670654297	P7,98.43762969970703	Fpz,100.8689193725586	F4,101.22295379638672	FC4,104.99864959716797	Pz,105.0411605834961	CP2,106.71104431152344	PO3,109.64541625976562	AF4,110.96441650390625	C4,114.7389144897461	PO7,115.82746887207031	Fp2,116.3033676147461	P2,116.5283203125	F6,117.98625183105469	FC6,121.71428680419922	POz,122.69369506835938	CP4,123.64898681640625	AF8,123.87789154052734	O1,127.3255844116211	F8,129.08229064941406	C6,129.4480743408203	P4,130.439697265625	FT8,134.26947021484375	CP6,135.55787658691406	PO4,138.80686950683594	Oz,139.08444213867188	P6,139.7005157470703	T8,141.05599975585938	O2,146.08810424804688	TP8,147.14324951171875	P8,148.7703857421875	PO8,149.2928924560547	
FC5	FT7,28.79456329345703	FC3,29.51031494140625	C5,30.481910705566406	F5,31.32318687438965	F7,35.82891082763672	F3,41.49627685546875	T7,42.764278411865234	C3,44.105987548828125	AF7,54.10849380493164	AF3,54.21745681762695	FC1,57.66868591308594	CP5,58.61286926269531	F1,59.820274353027344	TP7,65.49107360839844	CP3,67.30044555664062	C1,69.61321258544922	Fp1,80.56280517578125	Fz,84.46902465820312	P5,84.90708923339844	P7,85.26466369628906	FCz,85.71678924560547	CP1,86.7436752319336	AFz,89.63652038574219	P3,91.41969299316406	Cz,94.91422271728516	P1,100.35699462890625	F2,101.59371185302734	Fpz,102.2771224975586	FC2,105.24037170410156	PO7,106.93919372558594	PO3,107.02135467529297	CPz,108.24759674072266	C2,113.53343963623047	F4,116.107421875	Pz,116.99285888671875	Fp2,119.90631866455078	AF4,120.57815551757812	O1,121.63191986083984	FC4,121.83902740478516	CP2,124.49964141845703	POz,127.34808349609375	F6,128.16920471191406	P2,129.14791870117188	AF8,129.43992614746094	C4,131.22442626953125	FC6,133.1788330078125	F8,134.75070190429688	Oz,137.23789978027344	CP4,138.02162170410156	FT8,139.8809356689453	C6,140.12271118164062	P4,140.61837768554688	PO4,144.42578125	CP6,144.915283203125	O2,145.68890380859375	T8,145.83970642089844	P6,146.7041778564453	PO8,150.90908813476562	TP8,151.05538940429688	P8,151.7597198486328	
FT7	F7,26.342899322509766	T7,26.601200103759766	FC5,28.79456329345703	C5,39.98197555541992	F5,42.94291687011719	AF7,50.903751373291016	TP7,54.08731460571289	FC3,57.27138900756836	F3,61.626155853271484	CP5,62.80204772949219	AF3,63.03888702392578	C3,66.70671081542969	P7,78.4841537475586	Fp1,81.19863891601562	F1,81.37437438964844	CP3,82.41230773925781	FC1,83.27118682861328	P5,85.96077728271484	C1,93.48363494873047	P3,99.49185180664062	PO7,102.06035614013672	Fz,103.06539154052734	AFz,103.2050552368164	Fpz,104.67594909667969	CP1,105.12014770507812	FCz,107.68279266357422	PO3,108.71805572509766	P1,112.6270980834961	Cz,116.41692352294922	F2,117.3011245727539	O1,117.90747833251953	Fp2,121.85964965820312	FC2,122.75267028808594	CPz,125.72618865966797	AF4,127.2943344116211	F4,127.35254669189453	Pz,129.1541748046875	C2,131.12950134277344	AF8,131.5628662109375	POz,132.59646606445312	FC4,134.06544494628906	F6,134.18128967285156	Oz,135.3596954345703	F8,135.93862915039062	CP2,139.3814697265625	FC6,139.77139282226562	P2,140.0685577392578	FT8,140.51805114746094	C4,142.97628784179688	O2,143.79249572753906	T8,145.53875732421875	C6,145.8250732421875	PO4,147.7498016357422	P4,147.9272003173828	CP4,148.34988403320312	PO8,149.55914306640625	CP6,149.8392791748047	P6,150.17669677734375	TP8,150.23406982421875	P8,150.69825744628906	
C1	FC1,31.083890914916992	Cz,33.0356559753418	CP1,33.262733459472656	C3,34.410953521728516	CP3,45.496910095214844	FC3,46.08991622924805	FCz,46.170875549316406	CPz,47.49677276611328	P1,59.04319763183594	C2,60.645164489746094	F1,63.734378814697266	C5,65.40645599365234	FC2,67.86582946777344	Pz,68.15960693359375	P3,68.81449890136719	CP2,69.21153259277344	FC5,69.61321258544922	CP5,70.20001983642578	F3,71.25988006591797	Fz,75.01625061035156	P2,80.7646713256836	P5,83.4380111694336	F2,84.24108123779297	F5,84.6310043334961	C4,91.70647430419922	PO3,92.0097427368164	FC4,92.95628356933594	T7,93.11206817626953	FT7,93.48363494873047	CP4,93.75599670410156	POz,94.06381225585938	AF3,96.63687896728516	AFz,96.99905395507812	TP7,97.5924301147461	P7,99.17344665527344	P4,99.77749633789062	F7,100.12911987304688	F4,103.1362533569336	PO7,107.24797821044922	AF7,110.34623718261719	PO4,111.86074829101562	O1,113.0224838256836	CP6,113.293701171875	C6,113.68563842773438	FC6,114.04911804199219	P6,114.91275787353516	Oz,119.12464141845703	F6,120.74462890625	Fp1,121.98342895507812	AF4,122.14797973632812	O2,125.3971939086914	PO8,128.87567138671875	Fpz,129.1691436767578	P8,130.8662567138672	FT8,131.41015625	T8,132.45529174804688	TP8,132.68814086914062	F8,133.260498046875	AF8,135.8678741455078	Fp2,136.9603729248047	
C3	CP3,29.70009422302246	FC3,32.86976623535156	C5,33.24645233154297	C1,34.410953521728516	CP5,43.361297607421875	FC1,44.04949188232422	FC5,44.105987548828125	CP1,45.68547058105469	P3,59.93925857543945	T7,63.76628112792969	P1,63.84491729736328	F3,64.28348541259766	P5,65.0506591796875	Cz,65.91030883789062	FT7,66.70671081542969	F5,68.7762451171875	F1,68.88278198242188	TP7,70.33983612060547	FCz,71.61910247802734	CPz,72.34159088134766	P7,77.34288024902344	F7,78.94477081298828	PO3,82.77653503417969	Pz,82.80325317382812	AF3,87.45093536376953	Fz,89.14839935302734	C2,90.34479522705078	PO7,92.31553649902344	FC2,93.6010971069336	AF7,94.86361694335938	CP2,95.24050903320312	P2,99.05986785888672	POz,99.16865539550781	F2,102.8270263671875	O1,104.38685607910156	AFz,105.16612243652344	Fp1,115.0418701171875	FC4,115.37980651855469	C4,116.13589477539062	CP4,116.40511322021484	P4,116.47838592529297	Oz,117.73849487304688	F4,120.42652893066406	PO4,122.40277099609375	O2,127.80596160888672	P6,128.58050537109375	Fpz,129.7620849609375	CP6,130.41909790039062	FC6,131.90408325195312	C6,132.04396057128906	AF4,133.8597869873047	F6,135.371337890625	PO8,135.60986328125	P8,140.46421813964844	Fp2,142.19515991210938	FT8,143.7538299560547	TP8,143.9459991455078	F8,144.46937561035156	T8,144.6201934814453	AF8,145.16583251953125	
C5	CP5,28.70057487487793	FC5,30.481910705566406	T7,31.3989200592041	C3,33.24645233154297	FT7,39.98197555541992	TP7,42.54961395263672	CP3,43.91493225097656	FC3,44.86378860473633	P5,56.09929275512695	P7,58.541019439697266	F7,60.331634521484375	F5,61.465065002441406	P3,64.83204650878906	C1,65.40645599365234	FC1,67.7366943359375	F3,68.54335021972656	CP1,70.4547119140625	P1,78.62061309814453	PO3,80.10966491699219	PO7,80.37797546386719	F1,81.80327606201172	AF7,82.05670166015625	AF3,83.77269744873047	Cz,93.41259002685547	FCz,95.01898956298828	CPz,96.49378967285156	O1,96.9107894897461	Pz,99.38916778564453	Fz,104.06776428222656	POz,105.77473449707031	Fp1,108.58495330810547	C2,113.186767578125	FC2,113.54196166992188	AFz,113.60404205322266	P2,114.81503295898438	Oz,115.1768798828125	CP2,116.14382934570312	F2,117.7789077758789	O2,126.6457290649414	Fpz,127.87206268310547	P4,128.03370666503906	PO4,128.60598754882812	FC4,130.13607788085938	CP4,131.7568359375	F4,131.79164123535156	C4,132.2119598388672	P6,135.5618896484375	PO8,136.31524658203125	CP6,139.26063537597656	AF4,139.70846557617188	FC6,140.91844177246094	C6,141.2273406982422	P8,142.12982177734375	Fp2,142.1928253173828	F6,142.2411346435547	TP8,146.08834838867188	FT8,146.54119873046875	F8,146.86813354492188	T8,147.04344177246094	AF8,147.14358520507812	
T7	FT7,26.601200103759766	TP7,27.832775115966797	C5,31.3989200592041	FC5,42.764278411865234	CP5,43.06081771850586	F7,52.73137283325195	P7,53.239898681640625	P5,63.192264556884766	C3,63.76628112792969	F5,66.63365173339844	FC3,67.73663330078125	CP3,69.70223236083984	AF7,77.03997039794922	PO7,78.03717041015625	P3,80.81595611572266	F3,81.49847412109375	PO3,86.95535278320312	AF3,87.56025695800781	FC1,91.7405776977539	C1,93.11206817626953	O1,95.80192565917969	CP1,96.0386962890625	P1,98.0340347290039	F1,98.18663787841797	Fp1,105.92328643798828	POz,115.54058074951172	FCz,115.91969299316406	Oz,115.92988586425781	Pz,116.86958312988281	Cz,117.16460418701172	CPz,118.75603485107422	Fz,118.8802261352539	AFz,122.85128021240234	Fpz,126.76387786865234	O2,126.80853271484375	P2,129.67369079589844	FC2,130.1780548095703	F2,130.73300170898438	C2,132.1539764404297	CP2,134.127685546875	PO4,134.5333251953125	PO8,136.382080078125	P4,138.05535888671875	F4,140.48545837402344	P6,140.73941040039062	Fp2,140.9339141845703	FC4,141.26951599121094	P8,141.752197265625	AF4,143.39341735839844	CP4,143.88931274414062	C4,144.3669891357422	CP6,145.09361267089844	TP8,145.29513549804688	FT8,145.7649688720703	F6,145.97125244140625	T8,145.9766387939453	F8,145.97775268554688	FC6,146.24710083007812	AF8,146.5245819091797	C6,146.7264862060547	
CP1	P1,27.578283309936523	CP3,31.700204849243164	CPz,32.58143615722656	C1,33.262733459472656	P3,42.12525177001953	Pz,42.17498016357422	C3,45.68547058105469	Cz,47.555667877197266	CP2,60.833045959472656	CP5,61.04854202270508	P2,61.23788833618164	FC1,63.29356002807617	P5,63.51633834838867	PO3,65.63892364501953	POz,66.66818237304688	C2,68.84024047851562	C5,70.4547119140625	FC3,71.45588684082031	FCz,73.3857650756836	P4,83.64021301269531	P7,83.67139434814453	PO7,85.38272094726562	FC5,86.7436752319336	CP4,87.52511596679688	FC2,87.67280578613281	O1,88.9234390258789	TP7,90.7630844116211	PO4,91.90950012207031	Oz,94.50506591796875	F1,94.82548522949219	T7,96.0386962890625	C4,96.92021179199219	F3,99.58967590332031	P6,101.20344543457031	O2,103.29106140136719	Fz,104.7405776977539	FT7,105.12014770507812	CP6,107.12727355957031	FC4,107.9585189819336	F5,108.46797943115234	F2,109.66464233398438	PO8,111.45050048828125	C6,116.67822265625	F7,118.3773422241211	P8,119.40509033203125	AF3,123.35861206054688	F4,125.07244110107422	FC6,125.3907470703125	AFz,126.11222839355469	TP8,126.93179321289062	AF7,132.93084716796875	T8,134.2152557373047	F6,138.49215698242188	FT8,139.59524536132812	AF4,144.80799865722656	F8,147.30941772460938	Fp1,147.62245178222656	Fpz,154.82521057128906	AF8,155.48219299316406	Fp2,160.34046936035156	
CP3	C3,29.70009422302246	P3,31.56819725036621	CP5,31.657407760620117	CP1,31.700204849243164	P1,39.51377868652344	P5,42.13554382324219	C5,43.91493225097656	C1,45.496910095214844	PO3,56.59103775024414	P7,60.662601470947266	FC3,61.69557189941406	CPz,62.524993896484375	Pz,63.88362503051758	TP7,63.934696197509766	FC5,67.30044555664062	FC1,67.57916259765625	T7,69.70223236083984	PO7,70.1013412475586	Cz,71.55107116699219	POz,75.88407135009766	O1,81.29815673828125	FT7,82.41230773925781	P2,83.82132720947266	CP2,87.879638671875	FCz,88.22303771972656	F3,92.2167739868164	C2,93.41866302490234	F5,94.83753967285156	F1,95.25972747802734	Oz,95.37459564208984	F7,100.17194366455078	P4,102.79736328125	PO4,105.21440124511719	FC2,105.61067962646484	O2,108.01716613769531	CP4,110.01744842529297	Fz,111.85911560058594	AF3,113.97711181640625	P6,116.32848358154297	C4,117.93182373046875	AF7,118.74230194091797	PO8,119.99761962890625	F2,121.10505676269531	CP6,124.0033950805664	FC4,124.82703399658203	AFz,129.2096710205078	P8,129.80224609375	C6,132.69834899902344	F4,136.4359588623047	TP8,137.9273223876953	FC6,139.2744140625	Fp1,139.56373596191406	T8,144.75819396972656	F6,148.52992248535156	FT8,149.23764038085938	AF4,151.7115478515625	Fpz,152.53326416015625	F8,155.0699920654297	AF8,160.8791046142578	Fp2,161.96548461914062	
CP5	P5,27.9851016998291	C5,28.70057487487793	CP3,31.657407760620117	TP7,32.91987228393555	P7,35.64476776123047	P3,40.24449920654297	T7,43.06081771850586	C3,43.361297607421875	PO3,53.30330276489258	PO7,54.73940658569336	FC5,58.61286926269531	P1,59.85163879394531	CP1,61.04854202270508	FT7,62.80204772949219	FC3,67.50409698486328	C1,70.20001983642578	O1,72.18836212158203	FC1,83.22941589355469	Pz,83.29685974121094	POz,84.01144409179688	F7,85.82474517822266	CPz,87.9250259399414	F5,88.75518798828125	Oz,92.4002914428711	F3,93.92510986328125	Cz,95.68367004394531	P2,100.84960174560547	F1,103.37673950195312	FCz,106.21830749511719	O2,106.5560073852539	AF7,108.06095886230469	CP2,108.68406677246094	AF3,110.07515716552734	PO4,111.7237777709961	C2,113.87596893310547	P4,114.69316101074219	PO8,120.34622955322266	FC2,121.7679214477539	Fz,122.31718444824219	P6,123.08760070800781	CP4,124.73036193847656	P8,130.8638153076172	CP6,132.0603790283203	C4,132.13720703125	F2,132.22366333007812	Fp1,133.23483276367188	AFz,134.549560546875	FC4,136.82257080078125	TP8,139.21273803710938	C6,140.40541076660156	F4,144.82598876953125	T8,146.01414489746094	FC6,146.26499938964844	Fpz,149.63433837890625	FT8,150.60687255859375	F6,153.22525024414062	AF4,155.30398559570312	F8,155.90646362304688	Fp2,160.57545471191406	AF8,161.21873474121094	
TP7	P7,26.476524353027344	T7,27.832775115966797	CP5,32.91987228393555	P5,41.56924057006836	C5,42.54961395263672	PO7,52.07354736328125	FT7,54.08731460571289	CP3,63.934696197509766	P3,64.2885971069336	PO3,64.42964935302734	FC5,65.49107360839844	C3,70.33983612060547	O1,71.63539123535156	F7,79.68167877197266	FC3,84.71778869628906	P1,85.25325775146484	CP1,90.7630844116211	F5,91.91419219970703	Oz,94.36932373046875	POz,97.40047454833984	C1,97.5924301147461	AF7,103.44114685058594	F3,103.65958404541016	FC1,104.34207916259766	Pz,105.01807403564453	O2,107.7133560180664	AF3,112.51238250732422	CPz,113.31995391845703	F1,116.97991180419922	P2,118.87907409667969	PO4,119.65376281738281	Cz,120.12062072753906	PO8,121.29887390136719	FCz,126.03531646728516	P4,127.0088882446289	CP2,129.03822326660156	P6,129.78671264648438	Fp1,130.4208526611328	P8,131.19549560546875	C2,133.84371948242188	Fz,135.47219848632812	FC2,138.18992614746094	CP4,138.6177978515625	TP8,138.98377990722656	CP6,139.10043334960938	AFz,142.46986389160156	F2,144.31446838378906	C4,145.22232055664062	T8,145.35682678222656	C6,146.6327362060547	FC4,148.11239624023438	Fpz,148.25709533691406	FT8,150.1185302734375	FC6,151.8933563232422	F4,153.12046813964844	F8,155.1595001220703	F6,156.91705322265625	AF4,158.6718292236328	Fp2,159.17721557617188	AF8,160.57284545898438	
P1	P3,25.23792266845703	Pz,27.388078689575195	CP1,27.578283309936523	CP3,39.51377868652344	CPz,40.088836669921875	POz,41.43965530395508	PO3,42.23341369628906	P2,49.76300048828125	P5,49.79743576049805	C1,59.04319763183594	CP5,59.85163879394531	CP2,62.32152557373047	C3,63.84491729736328	O1,64.87774658203125	PO7,64.95928955078125	Cz,67.5343246459961	Oz,69.41944885253906	P7,70.6709976196289	P4,70.74523162841797	PO4,72.94962310791016	C5,78.62061309814453	O2,80.18366241455078	C2,80.66828918457031	CP4,84.24630737304688	TP7,85.25325775146484	FC1,86.74317932128906	P6,87.49393463134766	FC3,91.41448974609375	PO8,92.40924072265625	FCz,94.47698211669922	T7,98.0340347290039	CP6,99.90486907958984	FC5,100.35699462890625	C4,101.44898986816406	FC2,103.2608642578125	P8,105.26264953613281	FT7,112.6270980834961	F1,116.05094146728516	C6,116.10442352294922	TP8,117.24714660644531	FC4,117.99689483642578	F3,118.95533752441406	F5,124.37865447998047	Fz,124.80289459228516	F2,126.64234924316406	F7,129.47463989257812	T8,130.24551391601562	FC6,130.559814453125	F4,138.46829223632812	AF3,140.25865173339844	FT8,140.48468017578125	AFz,144.5427703857422	AF7,146.30279541015625	F6,147.51011657714844	F8,152.42611694335938	AF4,157.28004455566406	Fp1,162.27996826171875	AF8,164.72830200195312	Fpz,168.9510040283203	Fp2,172.387939453125	
P3	P1,25.23792266845703	P5,25.73664665222168	PO3,26.69771957397461	CP3,31.56819725036621	CP5,40.24449920654297	CP1,42.12525177001953	PO7,46.02267837524414	P7,48.2240104675293	POz,50.035037994384766	Pz,50.310447692871094	O1,53.4785270690918	C3,59.93925857543945	CPz,63.55245590209961	TP7,64.2885971069336	C5,64.83204650878906	Oz,67.49810791015625	C1,68.81449890136719	P2,70.76811981201172	T7,80.81595611572266	O2,82.60480499267578	PO4,84.42935180664062	CP2,84.9492416381836	Cz,85.37068176269531	P4,87.7896957397461	FC3,89.63199615478516	FC5,91.41969299316406	FC1,93.14136505126953	PO8,98.9190673828125	FT7,99.49185180664062	C2,100.36939239501953	P6,100.4921875	CP4,103.47418212890625	FCz,107.36653900146484	P8,113.7830810546875	CP6,114.40928649902344	F3,118.06098175048828	FC2,118.53084564208984	F5,118.94254302978516	C4,119.1930160522461	F7,119.96353912353516	F1,120.19300079345703	TP8,126.56053924560547	C6,130.0049285888672	FC4,132.73199462890625	Fz,133.1612548828125	AF3,137.53964233398438	F2,137.7773895263672	T8,139.5948486328125	AF7,139.7315673828125	FC6,143.0389404296875	FT8,149.49807739257812	F4,149.5018310546875	AFz,150.2400665283203	F6,157.39837646484375	Fp1,159.97630310058594	F8,160.35984802246094	AF4,165.1807403564453	Fpz,170.55181884765625	AF8,171.2919921875	Fp2,176.51695251464844	
P5	P7,23.150880813598633	P3,25.73664665222168	PO3,26.939023971557617	CP5,27.9851016998291	PO7,29.741455078125	TP7,41.56924057006836	CP3,42.13554382324219	O1,46.73646545410156	P1,49.79743576049805	C5,56.09929275512695	T7,63.192264556884766	CP1,63.51633834838867	POz,63.522613525390625	C3,65.0506591796875	Oz,68.56613159179688	Pz,72.01077270507812	C1,83.4380111694336	FC5,84.90708923339844	O2,85.18975830078125	CPz,85.66852569580078	FT7,85.96077728271484	P2,89.48698425292969	FC3,91.54619598388672	PO4,94.49595642089844	P4,101.93595886230469	FC1,101.97914123535156	PO8,102.94461822509766	Cz,102.99414825439453	CP2,104.31146240234375	F7,109.35282135009766	P6,109.94293212890625	F5,113.65514373779297	C2,117.13198852539062	F3,117.80365753173828	P8,117.9727783203125	CP4,118.38745880126953	FCz,119.590087890625	CP6,124.0565185546875	F1,124.46368408203125	TP8,130.4635772705078	FC2,130.85641479492188	AF7,131.3105010986328	C4,132.2146453857422	AF3,133.6792755126953	C6,138.33291625976562	Fz,139.82908630371094	T8,142.8145751953125	FC4,142.8663330078125	F2,145.77134704589844	FC6,149.87362670898438	FT8,152.22003173828125	AFz,153.3348388671875	Fp1,154.6113739013672	F4,156.07943725585938	F6,161.73709106445312	F8,162.0890655517578	Fpz,167.96241760253906	AF4,168.06724548339844	AF8,172.04501342773438	Fp2,175.45721435546875	
P7	P5,23.150880813598633	PO7,26.11835289001465	TP7,26.476524353027344	CP5,35.64476776123047	PO3,40.62443542480469	O1,47.13608169555664	P3,48.2240104675293	T7,53.239898681640625	C5,58.541019439697266	CP3,60.662601470947266	P1,70.6709976196289	Oz,71.7186508178711	POz,76.51380920410156	C3,77.34288024902344	FT7,78.4841537475586	CP1,83.67139434814453	FC5,85.26466369628906	O2,87.47904205322266	Pz,89.78785705566406	FC3,98.43762969970703	C1,99.17344665527344	PO4,101.99942016601562	F7,103.11956024169922	CPz,103.98284149169922	P2,104.1457290649414	PO8,104.77403259277344	P4,112.26522064208984	F5,112.58089447021484	FC1,112.69038391113281	P6,115.89566040039062	Cz,118.458740234375	P8,118.94707489013672	CP2,119.29627990722656	F3,120.8032455444336	AF7,125.96267700195312	CP4,128.8678436279297	CP6,129.63134765625	C2,130.37269592285156	F1,130.37693786621094	TP8,130.6817169189453	FCz,130.82798767089844	AF3,132.48977661132812	FC2,140.6652069091797	C4,141.1261749267578	T8,142.26284790039062	C6,142.612060546875	Fz,146.1994171142578	FC4,149.6814727783203	Fp1,150.5337371826172	FT8,151.3873291015625	F2,152.07958984375	FC6,153.09732055664062	AFz,156.26683044433594	F4,160.22837829589844	F8,160.69854736328125	F6,163.13015747070312	Fpz,165.08189392089844	AF4,168.81390380859375	AF8,170.3329315185547	Fp2,172.8927764892578	
PO3	PO7,24.688068389892578	P3,26.69771957397461	P5,26.939023971557617	O1,27.69847869873047	POz,40.188209533691406	P7,40.62443542480469	P1,42.23341369628906	Oz,45.311927795410156	CP5,53.30330276489258	CP3,56.59103775024414	Pz,57.84051513671875	O2,63.29655838012695	TP7,64.42964935302734	CP1,65.63892364501953	P2,73.42786407470703	PO4,73.71887969970703	CPz,79.30636596679688	C5,80.10966491699219	C3,82.77653503417969	PO8,83.73489379882812	P4,84.28705596923828	T7,86.95535278320312	C1,92.0097427368164	P6,92.68343353271484	CP2,94.07858276367188	P8,102.4044189453125	Cz,104.1777572631836	CP4,105.94962310791016	FC5,107.02135467529297	FT7,108.71805572509766	FC3,109.64541625976562	CP6,111.00189971923828	C2,113.52801513671875	FC1,114.15599060058594	TP8,118.34534454345703	C4,125.45397186279297	FCz,125.6522445678711	C6,130.50381469726562	F7,130.5712890625	FC2,132.46340942382812	F5,133.79600524902344	T8,135.46395874023438	F3,135.48199462890625	F1,138.48484802246094	FC4,141.67759704589844	FC6,147.1290740966797	FT8,148.95919799804688	Fz,149.72694396972656	AF7,151.0435028076172	F2,151.65284729003906	AF3,151.92124938964844	F4,159.96253967285156	F8,162.86016845703125	F6,163.692138671875	AFz,164.87232971191406	Fp1,171.1574249267578	AF4,174.0330810546875	AF8,176.93927001953125	Fpz,180.6039276123047	Fp2,184.4327392578125	
PO7	O1,22.3637638092041	PO3,24.688068389892578	P7,26.11835289001465	P5,29.741455078125	P3,46.02267837524414	Oz,48.52553176879883	TP7,52.07354736328125	CP5,54.73940658569336	POz,58.26280212402344	P1,64.95928955078125	O2,66.40579986572266	CP3,70.1013412475586	T7,78.03717041015625	Pz,79.5858154296875	C5,80.37797546386719	PO4,84.44139862060547	CP1,85.38272094726562	PO8,87.24378204345703	P2,92.22074890136719	C3,92.31553649902344	P4,98.42278289794922	CPz,100.05694580078125	P6,101.71408081054688	FT7,102.06035614013672	P8,105.52086639404297	FC5,106.93919372558594	C1,107.24797821044922	CP2,112.48597717285156	FC3,115.82746887207031	CP6,119.75312042236328	CP4,120.02606201171875	TP8,120.9844741821289	Cz,121.1924057006836	FC1,124.95529174804688	F7,125.35432434082031	C2,129.46116638183594	F5,133.30796813964844	T8,137.5578155517578	C4,137.58309936523438	C6,137.8712615966797	FCz,138.33644104003906	F3,138.98880004882812	FC2,144.62124633789062	F1,145.23974609375	AF7,146.9534149169922	FT8,150.879150390625	FC4,151.34474182128906	AF3,151.83006286621094	FC6,153.3081817626953	Fz,157.7174072265625	F2,160.16099548339844	F8,164.21498107910156	F4,166.69448852539062	F6,167.86329650878906	Fp1,168.77394104003906	AFz,169.62538146972656	AF4,177.35096740722656	AF8,177.88414001464844	Fpz,179.837158203125	Fp2,184.3072967529297	
O1	PO7,22.3637638092041	Oz,26.539525985717773	PO3,27.69847869873047	POz,43.92567825317383	O2,45.218788146972656	P5,46.73646545410156	P7,47.13608169555664	P3,53.4785270690918	P1,64.87774658203125	PO4,66.04364776611328	PO8,68.0271987915039	TP7,71.63539123535156	Pz,72.01700592041016	CP5,72.18836212158203	P2,80.55949401855469	CP3,81.29815673828125	P4,83.18201446533203	P6,85.03385162353516	P8,88.92073822021484	CP1,88.9234390258789	T7,95.80192565917969	CPz,96.45184326171875	C5,96.9107894897461	CP2,104.12840270996094	C3,104.38685607910156	CP6,105.93620300292969	TP8,106.89256286621094	CP4,108.09365844726562	C1,113.0224838256836	FT7,117.90747833251953	Cz,121.1002197265625	FC5,121.63191986083984	C2,124.86968994140625	T8,127.0539779663086	FC3,127.3255844116211	C6,127.63623809814453	C4,129.180419921875	FC1,132.08428955078125	F7,139.28672790527344	FCz,140.52645874023438	FC2,142.8739013671875	FT8,143.51953125	F5,145.98947143554688	FC4,146.6641387939453	FC6,146.77053833007812	F3,149.59982299804688	F1,152.94224548339844	AF7,159.20657348632812	F8,159.9623565673828	F2,160.99110412597656	Fz,161.89932250976562	AF3,162.63441467285156	F6,164.75927734375	F4,165.50099182128906	AFz,174.66026306152344	AF8,176.88253784179688	AF4,177.41029357910156	Fp1,177.87762451171875	Fpz,185.38995361328125	Fp2,186.65858459472656	
Fp2	Fpz,27.253944396972656	AF8,28.39257049560547	AF4,29.05438995361328	F6,50.79939651489258	AFz,52.211692810058594	F4,54.90399932861328	F8,56.517887115478516	Fp1,57.41730499267578	F2,66.9709701538086	Fz,72.61705017089844	AF3,77.9660873413086	FC6,80.03863525390625	FT8,82.00889587402344	FC4,84.70616912841797	AF7,85.58883666992188	F1,86.40235137939453	F3,91.89078521728516	FC2,94.3734130859375	F5,96.35270690917969	F7,102.56439971923828	FCz,102.68372344970703	T8,106.5653076171875	C6,107.99533081054688	FC1,112.19425201416016	C4,113.29845428466797	FC3,116.3033676147461	FC5,119.90631866455078	FT7,121.85964965820312	C2,123.26553344726562	Cz,130.5904083251953	TP8,132.9968719482422	CP6,135.10157775878906	C1,136.9603729248047	CP4,140.0059814453125	T7,140.9339141845703	C5,142.1928253173828	C3,142.19515991210938	CP2,147.9733123779297	P8,150.82640075683594	P6,155.1519775390625	CPz,155.91380310058594	TP7,159.17721557617188	P4,159.99545288085938	CP1,160.34046936035156	CP5,160.57545471191406	CP3,161.96548461914062	P2,163.73760986328125	PO8,168.64776611328125	Pz,169.21046447753906	PO4,170.6451873779297	P1,172.387939453125	P7,172.8927764892578	P5,175.45721435546875	P3,176.51695251464844	POz,181.31695556640625	O2,181.67189025878906	PO7,184.3072967529297	PO3,184.4327392578125	O1,186.65858459472656	Oz,187.1720428466797	
AF4	AF8,22.26041603088379	F6,26.7662353515625	F4,27.12448501586914	Fp2,29.05438995361328	F8,43.179317474365234	F2,44.40315246582031	AFz,46.70558166503906	Fpz,47.708030700683594	FC6,56.373069763183594	FC4,57.68092346191406	Fz,58.455604553222656	FT8,66.6670150756836	FC2,69.77342224121094	Fp1,74.50577545166016	F1,79.18241882324219	FCz,83.26849365234375	AF3,85.67550659179688	C6,86.03823852539062	C4,87.79510498046875	T8,91.08501434326172	F3,91.31256103515625	AF7,98.31559753417969	C2,99.01061248779297	FC1,99.97918701171875	F5,101.269775390625	Cz,109.9742202758789	FC3,110.96441650390625	F7,111.53041076660156	CP6,114.61499786376953	CP4,116.69807434082031	TP8,117.36902618408203	FC5,120.57815551757812	C1,122.14797973632812	CP2,125.06552124023438	FT7,127.2943344116211	C3,133.8597869873047	P8,135.47206115722656	CPz,135.79544067382812	P6,136.6015625	C5,139.70846557617188	P4,139.7677459716797	P2,143.38217163085938	T7,143.39341735839844	CP1,144.80799865722656	Pz,150.78799438476562	CP3,151.7115478515625	PO4,153.29769897460938	PO8,154.02182006835938	CP5,155.30398559570312	P1,157.28004455566406	TP7,158.6718292236328	P3,165.1807403564453	POz,165.7594451904297	P5,168.06724548339844	O2,168.43118286132812	P7,168.81390380859375	PO3,174.0330810546875	Oz,175.06533813476562	PO7,177.35096740722656	O1,177.41029357910156	
AF8	AF4,22.26041603088379	F6,27.489858627319336	Fp2,28.39257049560547	F8,29.440040588378906	F4,44.0356330871582	Fpz,53.468257904052734	FC6,55.869754791259766	FT8,56.00431442260742	F2,63.86729431152344	AFz,65.45909118652344	FC4,67.3521957397461	Fz,78.1335678100586	Fp1,80.78665924072266	T8,81.78256225585938	C6,84.1227035522461	FC2,84.92433166503906	C4,93.7679214477539	F1,96.04143524169922	AF3,96.37107849121094	FCz,100.34333038330078	AF7,104.14196014404297	F3,104.95246124267578	TP8,109.89994812011719	C2,110.83845520019531	F5,111.05375671386719	CP6,112.85350799560547	FC1,115.6334228515625	F7,116.63133239746094	CP4,120.53545379638672	FC3,123.87789154052734	Cz,124.02627563476562	FC5,129.43992614746094	P8,129.54324340820312	FT7,131.5628662109375	CP2,133.3385009765625	P6,134.79830932617188	C1,135.8678741455078	P4,141.5695037841797	C3,145.16583251953125	CPz,146.05662536621094	T7,146.5245819091797	C5,147.14358520507812	P2,148.59498596191406	PO8,149.69424438476562	PO4,152.68814086914062	CP1,155.48219299316406	Pz,157.47723388671875	TP7,160.57284545898438	CP3,160.8791046142578	CP5,161.21873474121094	P1,164.72830200195312	O2,165.57736206054688	POz,168.40731811523438	P7,170.3329315185547	P3,171.2919921875	P5,172.04501342773438	Oz,173.64291381835938	O1,176.88253784179688	PO3,176.93927001953125	PO7,177.88414001464844	
F2	F4,23.793092727661133	Fz,24.843788146972656	FC2,31.78963279724121	AFz,37.165775299072266	FC4,40.04777526855469	FCz,40.679481506347656	AF4,44.40315246582031	F6,49.437660217285156	F1,50.677024841308594	FC6,60.19734573364258	FC1,63.30291748046875	AF8,63.86729431152344	C2,64.0121841430664	Fp2,66.9709701538086	C4,68.0694580078125	Cz,69.89936065673828	Fpz,70.31167602539062	F8,70.8871078491211	F3,70.90974426269531	AF3,78.83628845214844	C6,82.25098419189453	FT8,82.73983764648438	FC3,82.76861572265625	C1,84.24108123779297	Fp1,84.26512908935547	F5,88.5587387084961	CP2,94.25489807128906	CP4,95.8766098022461	AF7,98.19270324707031	T8,99.4316177368164	CPz,100.53315734863281	FC5,101.59371185302734	C3,102.8270263671875	CP6,104.91942596435547	F7,105.96293640136719	CP1,109.66464233398438	P2,116.64125061035156	FT7,117.3011245727539	C5,117.7789077758789	TP8,118.20684051513672	P4,119.93758392333984	Pz,120.97273254394531	CP3,121.10505676269531	P6,124.08984375	P1,126.64234924316406	T7,130.73300170898438	P8,131.15516662597656	CP5,132.22366333007812	PO4,136.9426727294922	P3,137.7773895263672	POz,142.6758270263672	TP7,144.31446838378906	PO8,144.9291534423828	P5,145.77134704589844	PO3,151.65284729003906	P7,152.07958984375	O2,155.65184020996094	Oz,159.4801788330078	PO7,160.16099548339844	O1,160.99110412597656	
F4	F2,23.793092727661133	F6,26.62485122680664	AF4,27.12448501586914	FC4,33.447776794433594	FC6,43.505104064941406	FC2,43.911930084228516	AF8,44.0356330871582	Fz,46.14262771606445	AFz,47.701114654541016	F8,49.71815490722656	Fp2,54.90399932861328	FCz,61.570899963378906	FT8,64.4420394897461	C4,64.99253845214844	Fpz,67.27577209472656	F1,70.56609344482422	C6,71.02262115478516	C2,73.50369262695312	FC1,84.30215454101562	T8,84.67882537841797	Cz,86.3765640258789	F3,87.66382598876953	Fp1,88.13168334960938	AF3,90.2151870727539	CP4,95.16143798828125	CP6,98.30803680419922	CP2,101.21473693847656	FC3,101.22295379638672	F5,101.83048248291016	C1,103.1362533569336	AF7,106.18955993652344	TP8,107.59623718261719	CPz,112.87256622314453	F7,115.34265899658203	FC5,116.107421875	P4,120.39066314697266	C3,120.42652893066406	P6,120.44770050048828	P2,122.07157135009766	P8,123.87677001953125	CP1,125.07244110107422	FT7,127.35254669189453	Pz,129.9737091064453	C5,131.79164123535156	CP3,136.4359588623047	PO4,136.6168670654297	P1,138.46829223632812	T7,140.48545837402344	PO8,141.1544647216797	CP5,144.82598876953125	POz,148.27882385253906	P3,149.5018310546875	TP7,153.12046813964844	O2,155.1632843017578	P5,156.07943725585938	PO3,159.96253967285156	P7,160.22837829589844	Oz,161.6357421875	O1,165.50099182128906	PO7,166.69448852539062	
F6	F8,24.0023250579834	F4,26.62485122680664	AF4,26.7662353515625	AF8,27.489858627319336	FC6,30.790653228759766	FC4,41.12649154663086	FT8,42.58855056762695	F2,49.437660217285156	Fp2,50.79939651489258	C6,61.056278228759766	FC2,63.04185485839844	AFz,66.63922119140625	T8,66.68685150146484	C4,67.52539825439453	Fz,69.9961166381836	Fpz,71.10592651367188	FCz,83.58320617675781	C2,86.87298583984375	CP6,91.01873016357422	F1,91.20993041992188	TP8,93.59779357910156	Fp1,95.11361694335938	CP4,95.92579650878906	AF3,102.99665832519531	Cz,103.84011840820312	FC1,104.4008560180664	F3,104.53797149658203	CP2,109.41740417480469	P8,112.8977279663086	AF7,114.11257934570312	F5,114.44060516357422	P6,114.57801055908203	FC3,117.98625183105469	P4,119.56842041015625	C1,120.74462890625	F7,122.90711975097656	CPz,124.8618392944336	P2,126.50186920166016	FC5,128.16920471191406	PO8,133.22984313964844	PO4,133.31947326660156	FT7,134.18128967285156	C3,135.371337890625	Pz,137.18540954589844	CP1,138.49215698242188	C5,142.2411346435547	T7,145.97125244140625	P1,147.51011657714844	CP3,148.52992248535156	O2,150.0400848388672	POz,150.44361877441406	CP5,153.22525024414062	TP7,156.91705322265625	P3,157.39837646484375	Oz,158.94529724121094	P5,161.73709106445312	P7,163.13015747070312	PO3,163.692138671875	O1,164.75927734375	PO7,167.86329650878906	
F8	F6,24.0023250579834	FT8,26.839784622192383	AF8,29.440040588378906	FC6,35.0034294128418	AF4,43.179317474365234	F4,49.71815490722656	T8,53.02777099609375	Fp2,56.517887115478516	FC4,57.03945541381836	C6,58.88289260864258	F2,70.8871078491211	C4,75.83135986328125	Fpz,78.63954162597656	FC2,81.13818359375	TP8,82.04901123046875	AFz,84.03775024414062	CP6,87.31706237792969	Fz,89.343017578125	CP4,99.4505615234375	C2,100.15486907958984	FCz,101.31541442871094	Fp1,101.58606719970703	P8,102.91082000732422	F1,106.93981170654297	P6,109.85800170898438	AF3,112.51945495605469	F3,116.6417465209961	CP2,117.45944213867188	Cz,118.04280853271484	AF7,118.89253234863281	FC1,119.07012939453125	P4,119.25433349609375	F5,122.54513549804688	PO8,124.78129577636719	F7,126.20333862304688	FC3,129.08229064941406	PO4,129.46803283691406	P2,129.98715209960938	C1,133.260498046875	CPz,134.1447296142578	FC5,134.75070190429688	FT7,135.93862915039062	Pz,141.81536865234375	O2,142.9621124267578	C3,144.46937561035156	T7,145.97775268554688	C5,146.86813354492188	CP1,147.30941772460938	POz,149.84580993652344	P1,152.42611694335938	Oz,153.3174591064453	CP3,155.0699920654297	TP7,155.1595001220703	CP5,155.90646362304688	O1,159.9623565673828	P3,160.35984802246094	P7,160.69854736328125	P5,162.0890655517578	PO3,162.86016845703125	PO7,164.21498107910156	
FC2	FCz,28.29254150390625	FC4,29.586166381835938	F2,31.78963279724121	C2,32.457481384277344	F4,43.911930084228516	C4,44.19865036010742	Cz,44.20377731323242	Fz,45.818031311035156	FC6,57.04625701904297	FC1,58.70597457885742	F6,63.04185485839844	F1,63.50586700439453	CP2,63.66279220581055	AFz,66.23238372802734	C6,67.79536437988281	C1,67.86582946777344	CP4,68.69915008544922	AF4,69.77342224121094	CPz,72.34042358398438	F8,81.13818359375	FT8,82.79774475097656	FC3,83.55327606201172	F3,83.7347412109375	CP6,84.0744400024414	AF8,84.92433166503906	CP1,87.67280578613281	P2,88.16069030761719	T8,91.70982360839844	P4,93.42125701904297	C3,93.6010971069336	Pz,93.78898620605469	Fp2,94.3734130859375	AF3,98.50080108642578	Fpz,98.94830322265625	P6,101.27973937988281	F5,101.52169036865234	P1,103.2608642578125	TP8,103.86314392089844	FC5,105.24037170410156	CP3,105.61067962646484	Fp1,109.3602066040039	PO4,112.7351303100586	P8,113.29380798339844	C5,113.54196166992188	AF7,116.38892364501953	F7,117.99051666259766	POz,118.18441009521484	P3,118.53084564208984	CP5,121.7679214477539	FT7,122.75267028808594	PO8,124.67301940917969	T7,130.1780548095703	P5,130.85641479492188	PO3,132.46340942382812	O2,134.7148895263672	TP7,138.18992614746094	Oz,138.71519470214844	P7,140.6652069091797	O1,142.8739013671875	PO7,144.62124633789062	
FC4	FC6,28.66908836364746	FC2,29.586166381835938	C4,31.802005767822266	F4,33.447776794433594	F2,40.04777526855469	F6,41.12649154663086	C6,44.97060775756836	C2,47.436275482177734	FT8,56.72413635253906	FCz,56.74810791015625	F8,57.03945541381836	AF4,57.68092346191406	Fz,62.59260177612305	CP4,62.95862579345703	AF8,67.3521957397461	T8,67.92879486083984	Cz,68.95972442626953	CP6,69.39459228515625	CP2,71.84497833251953	AFz,74.44248962402344	F1,83.47526550292969	FC1,84.17318725585938	Fp2,84.70616912841797	TP8,85.12368774414062	CPz,89.08451843261719	P4,90.3510971069336	P6,91.99585723876953	C1,92.95628356933594	P2,93.25930786132812	Fpz,97.0296630859375	P8,99.34634399414062	F3,101.38188171386719	Pz,104.53562927246094	FC3,104.99864959716797	CP1,107.9585189819336	PO4,108.82140350341797	AF3,110.25495147705078	Fp1,113.73292541503906	C3,115.37980651855469	F5,115.87464141845703	PO8,116.00321197509766	P1,117.99689483642578	FC5,121.83902740478516	POz,123.42279052734375	CP3,124.82703399658203	AF7,125.08282470703125	F7,128.32611083984375	C5,130.13607788085938	O2,131.03219604492188	P3,132.73199462890625	FT7,134.06544494628906	CP5,136.82257080078125	Oz,138.9671630859375	T7,141.26951599121094	PO3,141.67759704589844	P5,142.8663330078125	O1,146.6641387939453	TP7,148.11239624023438	P7,149.6814727783203	PO7,151.34474182128906	
FC6	FC4,28.66908836364746	FT8,29.142393112182617	C6,30.784303665161133	F6,30.790653228759766	F8,35.0034294128418	C4,41.795448303222656	F4,43.505104064941406	T8,44.15765380859375	AF8,55.869754791259766	AF4,56.373069763183594	FC2,57.04625701904297	F2,60.19734573364258	CP6,61.577972412109375	TP8,67.82672119140625	CP4,67.9677505493164	C2,69.99947357177734	Fp2,80.03863525390625	FCz,82.1740493774414	Fz,82.43649291992188	P6,86.56488800048828	CP2,86.58180236816406	P8,86.71778106689453	AFz,87.38618469238281	P4,92.16862487792969	Cz,92.6757583618164	Fpz,97.8590316772461	F1,101.8741226196289	P2,101.98820495605469	FC1,105.54273986816406	CPz,106.79187774658203	PO4,106.86679077148438	PO8,107.71783447265625	C1,114.04911804199219	Pz,116.01046752929688	F3,116.08946990966797	Fp1,117.51704406738281	AF3,119.96240234375	FC3,121.71428680419922	CP1,125.3907470703125	O2,126.32221984863281	F5,126.40766906738281	POz,128.05589294433594	AF7,130.45603942871094	P1,130.559814453125	C3,131.90408325195312	FC5,133.1788330078125	F7,134.03302001953125	Oz,137.1455841064453	CP3,139.2744140625	FT7,139.77139282226562	C5,140.91844177246094	P3,143.0389404296875	T7,146.24710083007812	CP5,146.26499938964844	O1,146.77053833007812	PO3,147.1290740966797	P5,149.87362670898438	TP7,151.8933563232422	P7,153.09732055664062	PO7,153.3081817626953	
FT8	T8,26.395700454711914	F8,26.839784622192383	FC6,29.142393112182617	C6,38.135284423828125	F6,42.58855056762695	TP8,55.94883728027344	AF8,56.00431442260742	FC4,56.72413635253906	C4,63.510704040527344	CP6,63.85636520385742	F4,64.4420394897461	AF4,66.6670150756836	P8,77.73251342773438	CP4,81.07152557373047	Fp2,82.00889587402344	F2,82.73983764648438	FC2,82.79774475097656	P6,86.2466049194336	C2,93.17337799072266	P4,98.31224060058594	PO8,100.99629974365234	Fpz,101.63420867919922	Fz,102.18284606933594	AFz,102.37467956542969	CP2,103.78174591064453	FCz,104.95685577392578	PO4,107.19979858398438	P2,112.63175201416016	Cz,114.15325164794922	F1,118.10543060302734	Fp1,120.82901763916016	O2,121.17625427246094	FC1,123.34708404541016	CPz,123.51924896240234	Pz,126.97545623779297	AF3,127.56600952148438	F3,127.86882019042969	C1,131.41015625	POz,131.79339599609375	AF7,132.87991333007812	F5,133.4473876953125	Oz,133.59629821777344	FC3,134.26947021484375	F7,135.65525817871094	CP1,139.59524536132812	FC5,139.8809356689453	P1,140.48468017578125	FT7,140.51805114746094	O1,143.51953125	C3,143.7538299560547	T7,145.7649688720703	C5,146.54119873046875	PO3,148.95919799804688	CP3,149.23764038085938	P3,149.49807739257812	TP7,150.1185302734375	CP5,150.60687255859375	PO7,150.879150390625	P7,151.3873291015625	P5,152.22003173828125	
C2	Cz,29.475107192993164	CP2,32.332252502441406	FC2,32.457481384277344	C4,36.15095520019531	FCz,43.35966873168945	CPz,44.8868293762207	CP4,45.866939544677734	FC4,47.436275482177734	P2,59.232582092285156	C1,60.645164489746094	F2,64.0121841430664	C6,65.79772186279297	Pz,66.22489929199219	FC1,67.32347869873047	P4,68.16980743408203	CP1,68.84024047851562	CP6,69.70172882080078	FC6,69.99947357177734	F4,73.50369262695312	Fz,74.41189575195312	P1,80.66828918457031	P6,81.42377471923828	F1,84.90326690673828	F6,86.87298583984375	PO4,89.44243621826172	C3,90.34479522705078	FC3,92.01793670654297	T8,92.9188461303711	FT8,93.17337799072266	POz,93.35079956054688	CP3,93.41866302490234	TP8,95.62787628173828	AFz,96.49210357666016	AF4,99.01061248779297	P8,99.30249786376953	F8,100.15486907958984	P3,100.36939239501953	F3,102.31280517578125	PO8,106.23764038085938	AF8,110.83845520019531	C5,113.186767578125	PO3,113.52801513671875	FC5,113.53343963623047	CP5,113.87596893310547	O2,114.31169891357422	P5,117.13198852539062	Oz,117.97227478027344	F5,118.35865020751953	AF3,120.848876953125	Fp2,123.26553344726562	O1,124.86968994140625	Fpz,127.90370178222656	PO7,129.46116638183594	P7,130.37269592285156	FT7,131.12950134277344	T7,132.1539764404297	F7,132.6843719482422	TP7,133.84371948242188	Fp1,135.1976318359375	AF7,136.44691467285156	
C4	FC4,31.802005767822266	C6,31.805866241455078	CP4,32.050479888916016	C2,36.15095520019531	FC6,41.795448303222656	CP6,43.994537353515625	FC2,44.19865036010742	CP2,47.414302825927734	P4,61.5791015625	T8,61.6215934753418	FT8,63.510704040527344	Cz,64.21040344238281	F4,64.99253845214844	P6,65.2722396850586	P2,66.89061737060547	F6,67.52539825439453	TP8,67.99220275878906	F2,68.0694580078125	FCz,68.2243881225586	CPz,71.77299499511719	F8,75.83135986328125	P8,77.72684478759766	PO4,82.20196533203125	Pz,82.54313659667969	Fz,86.91950225830078	AF4,87.79510498046875	C1,91.70647430419922	PO8,92.38975524902344	FC1,93.63850402832031	AF8,93.7679214477539	CP1,96.92021179199219	POz,100.31883239746094	P1,101.44898986816406	AFz,102.46422576904297	F1,102.80818176269531	O2,107.97541809082031	Fp2,113.29845428466797	FC3,114.7389144897461	C3,116.13589477539062	Oz,117.38859558105469	CP3,117.93182373046875	P3,119.1930160522461	F3,119.19702911376953	Fpz,125.06205749511719	PO3,125.45397186279297	O1,129.180419921875	FC5,131.22442626953125	AF3,131.64532470703125	CP5,132.13720703125	C5,132.2119598388672	P5,132.2146453857422	F5,132.45425415039062	PO7,137.58309936523438	Fp1,138.52072143554688	P7,141.1261749267578	F7,142.8782958984375	FT7,142.97628784179688	T7,144.3669891357422	AF7,144.5148468017578	TP7,145.22232055664062	
C6	T8,30.58368682861328	FC6,30.784303665161133	CP6,31.470767974853516	C4,31.805866241455078	FT8,38.135284423828125	TP8,42.4246826171875	CP4,44.35414123535156	FC4,44.97060775756836	P6,57.59568405151367	F8,58.88289260864258	P8,59.29007339477539	F6,61.056278228759766	P4,65.53282165527344	C2,65.79772186279297	FC2,67.79536437988281	CP2,70.40629577636719	F4,71.02262115478516	PO4,79.61933135986328	P2,80.17019653320312	PO8,80.5457534790039	F2,82.25098419189453	AF8,84.1227035522461	AF4,86.03823852539062	Cz,91.04875946044922	FCz,91.73616027832031	CPz,94.59188842773438	Pz,97.69712829589844	O2,100.97622680664062	Fz,102.36520385742188	POz,105.88045501708984	Fp2,107.99533081054688	AFz,111.66281127929688	FC1,113.46041107177734	C1,113.68563842773438	Oz,113.96134185791016	P1,116.10442352294922	CP1,116.67822265625	F1,117.8849105834961	Fpz,123.78411102294922	O1,127.63623809814453	FC3,129.4480743408203	P3,130.0049285888672	PO3,130.50381469726562	F3,130.85838317871094	C3,132.04396057128906	CP3,132.69834899902344	PO7,137.8712615966797	AF3,138.1689910888672	P5,138.33291625976562	Fp1,139.46800231933594	F5,139.985595703125	FC5,140.12271118164062	CP5,140.40541076660156	C5,141.2273406982422	P7,142.612060546875	F7,145.53924560546875	FT7,145.8250732421875	TP7,146.6327362060547	T7,146.7264862060547	AF7,146.80029296875	
T8	FT8,26.395700454711914	TP8,29.99417495727539	C6,30.58368682861328	FC6,44.15765380859375	CP6,44.32193374633789	P8,52.65549087524414	F8,53.02777099609375	C4,61.6215934753418	P6,64.14286804199219	F6,66.68685150146484	FC4,67.92879486083984	CP4,68.4372329711914	PO8,77.22403717041016	P4,79.92089080810547	AF8,81.78256225585938	F4,84.67882537841797	PO4,85.88613891601562	AF4,91.08501434326172	FC2,91.70982360839844	C2,92.9188461303711	CP2,94.98788452148438	P2,98.18716430664062	O2,99.32420349121094	F2,99.4316177368164	Fp2,106.5653076171875	FCz,113.29022979736328	Oz,113.84468841552734	Pz,114.49786376953125	POz,114.69552612304688	Cz,114.9028549194336	CPz,116.45319366455078	Fz,117.98905181884766	AFz,121.96448516845703	Fpz,123.89795684814453	O1,127.0539779663086	P1,130.24551391601562	FC1,130.44326782226562	F1,131.26315307617188	C1,132.45529174804688	CP1,134.2152557373047	PO3,135.46395874023438	PO7,137.5578155517578	Fp1,139.54150390625	P3,139.5948486328125	F3,140.1871337890625	FC3,141.05599975585938	P7,142.26284790039062	P5,142.8145751953125	AF3,142.8150177001953	C3,144.6201934814453	CP3,144.75819396972656	F5,144.86236572265625	F7,145.35562133789062	TP7,145.35682678222656	FT7,145.53875732421875	FC5,145.83970642089844	T7,145.9766387939453	CP5,146.01414489746094	AF7,146.7263946533203	C5,147.04344177246094	
CP2	P2,28.637012481689453	CPz,29.73103141784668	CP4,31.533205032348633	C2,32.332252502441406	Pz,40.21995544433594	P4,41.91168212890625	Cz,45.131710052490234	C4,47.414302825927734	CP6,59.15922546386719	CP1,60.833045959472656	P6,60.9605598449707	P1,62.32152557373047	PO4,63.439308166503906	FC2,63.66279220581055	POz,66.58982849121094	C1,69.21153259277344	C6,70.40629577636719	FCz,71.16065216064453	FC4,71.84497833251953	P8,83.76756286621094	PO8,84.67479705810547	P3,84.9492416381836	FC6,86.58180236816406	FC1,86.68836975097656	TP8,87.3446044921875	CP3,87.879638671875	O2,90.09877014160156	Oz,93.7024917602539	PO3,94.07858276367188	F2,94.25489807128906	T8,94.98788452148438	C3,95.24050903320312	F4,101.21473693847656	Fz,103.61698913574219	FT8,103.78174591064453	O1,104.12840270996094	P5,104.31146240234375	FC3,106.71104431152344	CP5,108.68406677246094	F6,109.41740417480469	F1,109.60670471191406	PO7,112.48597717285156	C5,116.14382934570312	F8,117.45944213867188	P7,119.29627990722656	F3,123.21192169189453	FC5,124.49964141845703	AFz,124.95957946777344	AF4,125.06552124023438	TP7,129.03822326660156	AF8,133.3385009765625	T7,134.127685546875	F5,135.94334411621094	FT7,139.3814697265625	AF3,142.5108184814453	F7,146.50088500976562	Fp2,147.9733123779297	Fpz,152.9679412841797	AF7,154.71017456054688	Fp1,158.0030975341797	
CP4	CP6,29.657455444335938	P4,31.010377883911133	CP2,31.533205032348633	C4,32.050479888916016	P6,39.8583869934082	P2,40.1602783203125	C6,44.35414123535156	C2,45.866939544677734	PO4,53.71001434326172	CPz,59.590972900390625	TP8,59.91412353515625	P8,60.0303840637207	Pz,60.60852813720703	FC4,62.95862579345703	FC6,67.9677505493164	T8,68.4372329711914	PO8,68.53783416748047	FC2,68.69915008544922	Cz,69.12419891357422	POz,74.46160125732422	FT8,81.07152557373047	O2,82.54045104980469	P1,84.24630737304688	FCz,85.73172760009766	CP1,87.52511596679688	Oz,92.60289001464844	C1,93.75599670410156	F4,95.16143798828125	F2,95.8766098022461	F6,95.92579650878906	F8,99.4505615234375	P3,103.47418212890625	FC1,105.10882568359375	PO3,105.94962310791016	O1,108.09365844726562	CP3,110.01744842529297	Fz,110.98097229003906	C3,116.40511322021484	AF4,116.69807434082031	P5,118.38745880126953	PO7,120.02606201171875	AF8,120.53545379638672	F1,121.43817138671875	FC3,123.64898681640625	CP5,124.73036193847656	AFz,128.21475219726562	P7,128.8678436279297	C5,131.7568359375	F3,134.97593688964844	FC5,138.02162170410156	TP7,138.6177978515625	Fp2,140.0059814453125	T7,143.88931274414062	F5,145.9954376220703	FT7,148.34988403320312	AF3,149.76370239257812	Fpz,150.04248046875	F7,153.7654571533203	Fp1,159.61965942382812	AF7,160.09609985351562	
CP6	P6,26.88257598876953	CP4,29.657455444335938	TP8,30.699779510498047	C6,31.470767974853516	P8,35.32392501831055	P4,37.99913024902344	C4,43.994537353515625	T8,44.32193374633789	PO4,50.06193161010742	PO8,52.82830047607422	P2,58.539276123046875	CP2,59.15922546386719	FC6,61.577972412109375	FT8,63.85636520385742	FC4,69.39459228515625	C2,69.70172882080078	O2,73.72925567626953	Pz,78.6212158203125	POz,81.13593292236328	CPz,83.85028076171875	FC2,84.0744400024414	F8,87.31706237792969	Oz,88.30442810058594	F6,91.01873016357422	Cz,92.50553131103516	F4,98.30803680419922	P1,99.90486907958984	FCz,103.4397964477539	F2,104.91942596435547	O1,105.93620300292969	CP1,107.12727355957031	PO3,111.00189971923828	AF8,112.85350799560547	C1,113.293701171875	P3,114.40928649902344	AF4,114.61499786376953	PO7,119.75312042236328	FC1,121.10067749023438	Fz,121.76029205322266	CP3,124.0033950805664	P5,124.0565185546875	P7,129.63134765625	C3,130.41909790039062	CP5,132.0603790283203	F1,132.64231872558594	AFz,134.2364501953125	Fp2,135.10157775878906	FC3,135.55787658691406	TP7,139.10043334960938	C5,139.26063537597656	F3,143.6685791015625	FC5,144.915283203125	T7,145.09361267089844	Fpz,148.03074645996094	FT7,149.8392791748047	F5,151.32601928710938	AF3,154.0654754638672	F7,154.96324157714844	Fp1,159.29884338378906	AF7,160.90452575683594	
TP8	P8,23.33416175842285	T8,29.99417495727539	CP6,30.699779510498047	P6,39.783329010009766	C6,42.4246826171875	PO8,49.02163314819336	FT8,55.94883728027344	CP4,59.91412353515625	P4,60.26772689819336	PO4,60.80859375	FC6,67.82672119140625	C4,67.99220275878906	O2,73.05744171142578	F8,82.04901123046875	P2,82.36702728271484	FC4,85.12368774414062	CP2,87.3446044921875	Oz,89.81755065917969	F6,93.59779357910156	POz,93.79973602294922	C2,95.62787628173828	Pz,99.79248809814453	FC2,103.86314392089844	O1,106.89256286621094	F4,107.59623718261719	CPz,108.6030502319336	AF8,109.89994812011719	Cz,116.31401824951172	P1,117.24714660644531	AF4,117.36902618408203	F2,118.20684051513672	PO3,118.34534454345703	PO7,120.9844741821289	FCz,122.85978698730469	P3,126.56053924560547	CP1,126.93179321289062	P5,130.4635772705078	P7,130.6817169189453	C1,132.68814086914062	Fp2,132.9968719482422	Fz,134.772216796875	FC1,137.4006805419922	CP3,137.9273223876953	TP7,138.98377990722656	CP5,139.21273803710938	AFz,142.38516235351562	C3,143.9459991455078	F1,144.61314392089844	T7,145.29513549804688	C5,146.08834838867188	FC3,147.14324951171875	Fpz,147.46665954589844	FT7,150.23406982421875	FC5,151.05538940429688	F3,152.3424530029297	F7,155.16590881347656	F5,156.10162353515625	AF3,158.22171020507812	Fp1,159.06700134277344	AF7,160.93414306640625	
P2	Pz,23.125329971313477	P4,25.29247283935547	CP2,28.637012481689453	CPz,37.68242263793945	POz,39.87730407714844	PO4,39.982582092285156	CP4,40.1602783203125	P6,47.366939544677734	P1,49.76300048828125	CP6,58.539276123046875	C2,59.232582092285156	CP1,61.23788833618164	PO8,64.36598205566406	O2,64.93649291992188	Cz,66.33392333984375	C4,66.89061737060547	Oz,67.54922485351562	P3,70.76811981201172	P8,71.37531280517578	PO3,73.42786407470703	C6,80.17019653320312	O1,80.55949401855469	C1,80.7646713256836	TP8,82.36702728271484	CP3,83.82132720947266	FC2,88.16069030761719	P5,89.48698425292969	PO7,92.22074890136719	FC4,93.25930786132812	FCz,93.52510070800781	T8,98.18716430664062	C3,99.05986785888672	CP5,100.84960174560547	FC6,101.98820495605469	FC1,102.34637451171875	P7,104.1457290649414	FT8,112.63175201416016	C5,114.81503295898438	FC3,116.5283203125	F2,116.64125061035156	TP7,118.87907409667969	F4,122.07157135009766	Fz,124.62785339355469	F6,126.50186920166016	F1,126.79497528076172	FC5,129.14791870117188	T7,129.67369079589844	F8,129.98715209960938	F3,136.3629913330078	FT7,140.0685577392578	AF4,143.38217163085938	AFz,144.36538696289062	F5,145.2646484375	AF8,148.59498596191406	F7,151.61141967773438	AF3,154.9593505859375	AF7,163.400634765625	Fp2,163.73760986328125	Fpz,168.2157745361328	Fp1,170.70404052734375	
P4	P6,23.00372314453125	PO4,24.154321670532227	P2,25.29247283935547	CP4,31.010377883911133	CP6,37.99913024902344	CP2,41.91168212890625	PO8,45.12786865234375	Pz,46.461524963378906	POz,48.22776794433594	P8,48.37583923339844	O2,54.43640899658203	TP8,60.26772689819336	CPz,60.53083801269531	C4,61.5791015625	Oz,64.4854507446289	C6,65.53282165527344	C2,68.16980743408203	P1,70.74523162841797	T8,79.92089080810547	Cz,82.88817596435547	O1,83.18201446533203	CP1,83.64021301269531	PO3,84.28705596923828	P3,87.7896957397461	FC4,90.3510971069336	FC6,92.16862487792969	FC2,93.42125701904297	FT8,98.31224060058594	PO7,98.42278289794922	C1,99.77749633789062	P5,101.93595886230469	CP3,102.79736328125	FCz,104.82760620117188	P7,112.26522064208984	CP5,114.69316101074219	C3,116.47838592529297	FC1,116.87726593017578	F8,119.25433349609375	F6,119.56842041015625	F2,119.93758392333984	F4,120.39066314697266	TP7,127.0088882446289	C5,128.03370666503906	FC3,130.439697265625	Fz,131.66741943359375	F1,136.9091796875	T7,138.05535888671875	AF4,139.7677459716797	FC5,140.61837768554688	AF8,141.5695037841797	F3,146.5123291015625	FT7,147.9272003173828	AFz,148.6735382080078	F5,154.15234375	F7,158.28323364257812	Fp2,159.99545288085938	AF3,161.87322998046875	Fpz,167.9585723876953	AF7,168.79910278320312	Fp1,173.53240966796875	
P6	P4,23.00372314453125	PO4,24.266502380371094	P8,25.763641357421875	CP6,26.88257598876953	PO8,29.62858009338379	TP8,39.783329010009766	CP4,39.8583869934082	P2,47.366939544677734	O2,48.76353454589844	C6,57.59568405151367	POz,59.97770690917969	CP2,60.9605598449707	T8,64.14286804199219	Oz,64.30610656738281	C4,65.2722396850586	Pz,66.35149383544922	CPz,80.65233612060547	C2,81.42377471923828	O1,85.03385162353516	FT8,86.2466049194336	FC6,86.56488800048828	P1,87.49393463134766	FC4,91.99585723876953	PO3,92.68343353271484	Cz,98.7591552734375	P3,100.4921875	CP1,101.20344543457031	FC2,101.27973937988281	PO7,101.71408081054688	F8,109.85800170898438	P5,109.94293212890625	F6,114.57801055908203	C1,114.91275787353516	FCz,115.71549987792969	P7,115.89566040039062	CP3,116.32848358154297	F4,120.44770050048828	CP5,123.08760070800781	F2,124.08984375	FC1,128.20774841308594	C3,128.58050537109375	TP7,129.78671264648438	AF8,134.79830932617188	C5,135.5618896484375	AF4,136.6015625	Fz,137.68170166015625	FC3,139.7005157470703	T7,140.73941040039062	F1,144.16395568847656	FC5,146.7041778564453	FT7,150.17669677734375	AFz,151.46734619140625	F3,152.60731506347656	Fp2,155.1519775390625	F5,158.24270629882812	F7,159.69696044921875	AF3,164.6488800048828	Fpz,165.38540649414062	AF7,169.40162658691406	Fp1,172.6588897705078	
P8	TP8,23.33416175842285	P6,25.763641357421875	PO8,26.006847381591797	CP6,35.32392501831055	PO4,41.38148498535156	P4,48.37583923339844	O2,51.02198791503906	T8,52.65549087524414	C6,59.29007339477539	CP4,60.0303840637207	Oz,69.13156127929688	P2,71.37531280517578	POz,75.98234558105469	C4,77.72684478759766	FT8,77.73251342773438	CP2,83.76756286621094	FC6,86.71778106689453	Pz,87.8577651977539	O1,88.92073822021484	C2,99.30249786376953	FC4,99.34634399414062	CPz,102.36975860595703	PO3,102.4044189453125	F8,102.91082000732422	P1,105.26264953613281	PO7,105.52086639404297	F6,112.8977279663086	FC2,113.29380798339844	P3,113.7830810546875	Cz,116.95480346679688	P5,117.9727783203125	P7,118.94707489013672	CP1,119.40509033203125	F4,123.87677001953125	FCz,129.00286865234375	AF8,129.54324340820312	CP3,129.80224609375	CP5,130.8638153076172	C1,130.8662567138672	F2,131.15516662597656	TP7,131.19549560546875	AF4,135.47206115722656	FC1,140.39962768554688	C3,140.46421813964844	T7,141.752197265625	C5,142.12982177734375	Fz,145.41436767578125	FC3,148.7703857421875	FT7,150.69825744628906	Fp2,150.82640075683594	FC5,151.7597198486328	F1,152.06878662109375	AFz,155.33111572265625	F3,158.4558563232422	F7,159.44142150878906	F5,161.3462371826172	Fpz,162.65040588378906	AF3,166.66574096679688	AF7,168.4761962890625	Fp1,170.80587768554688	
PO4	P4,24.154321670532227	P6,24.266502380371094	PO8,25.938631057739258	O2,30.92378044128418	POz,38.58894348144531	P2,39.982582092285156	P8,41.38148498535156	Oz,43.62488555908203	CP6,50.06193161010742	CP4,53.71001434326172	Pz,53.799808502197266	TP8,60.80859375	CP2,63.439308166503906	O1,66.04364776611328	P1,72.94962310791016	PO3,73.71887969970703	CPz,75.55562591552734	C6,79.61933135986328	C4,82.20196533203125	P3,84.42935180664062	PO7,84.44139862060547	T8,85.88613891601562	C2,89.44243621826172	CP1,91.90950012207031	P5,94.49595642089844	Cz,100.671142578125	P7,101.99942016601562	CP3,105.21440124511719	FC6,106.86679077148438	FT8,107.19979858398438	FC4,108.82140350341797	CP5,111.7237777709961	C1,111.86074829101562	FC2,112.7351303100586	TP7,119.65376281738281	FCz,122.18605041503906	C3,122.40277099609375	C5,128.60598754882812	F8,129.46803283691406	FC1,129.79220581054688	F6,133.31947326660156	T7,134.5333251953125	F4,136.6168670654297	F2,136.9426727294922	FC3,138.80686950683594	FC5,144.42578125	Fz,147.2163848876953	FT7,147.7498016357422	F1,149.67665100097656	AF8,152.68814086914062	AF4,153.29769897460938	F3,156.05982971191406	F5,160.4426727294922	F7,160.89610290527344	AFz,162.49832153320312	AF3,170.06423950195312	Fp2,170.6451873779297	AF7,173.70477294921875	Fpz,177.84117126464844	Fp1,181.2748565673828	
PO8	O2,25.826156616210938	PO4,25.938631057739258	P8,26.006847381591797	P6,29.62858009338379	P4,45.12786865234375	Oz,45.268550872802734	TP8,49.02163314819336	CP6,52.82830047607422	POz,56.99129867553711	P2,64.36598205566406	O1,68.0271987915039	CP4,68.53783416748047	Pz,77.05708312988281	T8,77.22403717041016	C6,80.5457534790039	PO3,83.73489379882812	CP2,84.67479705810547	PO7,87.24378204345703	C4,92.38975524902344	P1,92.40924072265625	CPz,97.83396911621094	P3,98.9190673828125	FT8,100.99629974365234	P5,102.94461822509766	P7,104.77403259277344	C2,106.23764038085938	FC6,107.71783447265625	CP1,111.45050048828125	FC4,116.00321197509766	Cz,119.07421875	CP3,119.99761962890625	CP5,120.34622955322266	TP7,121.29887390136719	FC2,124.67301940917969	F8,124.78129577636719	C1,128.87567138671875	F6,133.22984313964844	C3,135.60986328125	FCz,136.03224182128906	C5,136.31524658203125	T7,136.382080078125	F4,141.1544647216797	FC1,143.12452697753906	F2,144.9291534423828	FC3,149.2928924560547	FT7,149.55914306640625	AF8,149.69424438476562	FC5,150.90908813476562	AF4,154.02182006835938	Fz,156.18914794921875	F1,159.02525329589844	F7,162.28713989257812	F3,163.5451202392578	F5,165.25621032714844	AFz,168.0470428466797	Fp2,168.64776611328125	AF3,173.97145080566406	AF7,174.70314025878906	Fpz,177.3673095703125	Fp1,181.59088134765625	
O2	Oz,20.26797866821289	PO8,25.826156616210938	PO4,30.92378044128418	POz,41.600738525390625	O1,45.218788146972656	P6,48.76353454589844	P8,51.02198791503906	P4,54.43640899658203	PO3,63.29655838012695	P2,64.93649291992188	PO7,66.40579986572266	Pz,70.33515167236328	TP8,73.05744171142578	CP6,73.72925567626953	P1,80.18366241455078	CP4,82.54045104980469	P3,82.60480499267578	P5,85.18975830078125	P7,87.47904205322266	CP2,90.09877014160156	CPz,95.7199935913086	T8,99.32420349121094	C6,100.97622680664062	CP1,103.29106140136719	CP5,106.5560073852539	TP7,107.7133560180664	C4,107.97541809082031	CP3,108.01716613769531	C2,114.31169891357422	FT8,121.17625427246094	Cz,121.25050354003906	C1,125.3971939086914	FC6,126.32221984863281	C5,126.6457290649414	T7,126.80853271484375	C3,127.80596160888672	FC4,131.03219604492188	FC2,134.7148895263672	FCz,141.18804931640625	F8,142.9621124267578	FC1,143.0854949951172	FT7,143.79249572753906	FC5,145.68890380859375	FC3,146.08810424804688	F6,150.0400848388672	F4,155.1632843017578	F2,155.65184020996094	F7,160.13710021972656	F1,162.09437561035156	Fz,163.4256134033203	F3,164.19163513183594	F5,164.3226318359375	AF8,165.57736206054688	AF4,168.43118286132812	AF7,175.6456756591797	AF3,176.23178100585938	AFz,176.4084014892578	Fp2,181.67189025878906	Fpz,186.97442626953125	Fp1,187.02774047851562	
